OBJECTID,PLAN,DATE_ADOPT,LAND_USE,USE_CLASS,DSGN_GUIDE,URL,LAST_EDIT_DATE,ASP,C2P2_STATUS
455,South Central Accord,1997-07-21T00:00:00.000Z,Excavation/Quarrying,Other,Yes,http://www.columbus.gov/planning/documentlibrary/,2012-03-22T00:00:00.000Z,,
456,South Central Accord,1997-07-21T00:00:00.000Z,High-Density Residential,Residential,Yes,http://www.columbus.gov/planning/documentlibrary/,2012-03-22T00:00:00.000Z,,
457,South Central Accord,1997-07-21T00:00:00.000Z,Industrial,Industrial,Yes,http://www.columbus.gov/planning/documentlibrary/,2012-03-22T00:00:00.000Z,,
458,South Central Accord,1997-07-21T00:00:00.000Z,Light Industrial,Industrial,Yes,http://www.columbus.gov/planning/documentlibrary/,2012-03-22T00:00:00.000Z,,
459,South Central Accord,1997-07-21T00:00:00.000Z,Commercial,Commercial,Yes,http://www.columbus.gov/planning/documentlibrary/,2012-03-22T00:00:00.000Z,,
460,South Central Accord,1997-07-21T00:00:00.000Z,Low-Density Residential,Residential,Yes,http://www.columbus.gov/planning/documentlibrary/,2012-03-22T00:00:00.000Z,,
462,South Central Accord,1997-07-21T00:00:00.000Z,Mixed Use Village,Mixed Use,Yes,http://www.columbus.gov/planning/documentlibrary/,2012-03-22T00:00:00.000Z,,
3039,Downtown Design Guidelines,2013-07-15T00:00:00.000Z,No adopted land use plan in place,Please refer to plan document,Yes,http://www.columbus.gov/planning/documentlibrary/,2015-12-21T00:00:00.000Z,,
441,Scioto Southland Plan,2007-10-22T00:00:00.000Z,Open Space,Parks/Open Space,Yes,http://www.columbus.gov/planning/documentlibrary/,2012-03-22T00:00:00.000Z,,
442,Scioto Southland Plan,2007-10-22T00:00:00.000Z,Parks,Parks/Open Space,Yes,http://www.columbus.gov/planning/documentlibrary/,2012-03-22T00:00:00.000Z,,
443,Scioto Southland Plan,2007-10-22T00:00:00.000Z,Commercial,Commercial,Yes,http://www.columbus.gov/planning/documentlibrary/,2012-03-22T00:00:00.000Z,,
445,Scioto Southland Plan,2007-10-22T00:00:00.000Z,Multi-family (12-16 du/acre),Residential,Yes,http://www.columbus.gov/planning/documentlibrary/,2012-03-22T00:00:00.000Z,,
446,Scioto Southland Plan,2007-10-22T00:00:00.000Z,Mixed Use Regional,Mixed Use,Yes,http://www.columbus.gov/planning/documentlibrary/,2012-03-22T00:00:00.000Z,,
447,Scioto Southland Plan,2007-10-22T00:00:00.000Z,Office,Office,Yes,http://www.columbus.gov/planning/documentlibrary/,2012-03-22T00:00:00.000Z,,
448,Scioto Southland Plan,2007-10-22T00:00:00.000Z,Institutional,Institutional,Yes,http://www.columbus.gov/planning/documentlibrary/,2012-03-22T00:00:00.000Z,,
449,Scioto Southland Plan,2007-10-22T00:00:00.000Z,Mixed Use Community Commercial,Mixed Use,Yes,http://www.columbus.gov/planning/documentlibrary/,2012-03-22T00:00:00.000Z,,
450,Scioto Southland Plan,2007-10-22T00:00:00.000Z,Farm/Rural,Agriculture,Yes,http://www.columbus.gov/planning/documentlibrary/,2012-03-22T00:00:00.000Z,,
451,Scioto Southland Plan,2007-10-22T00:00:00.000Z,Single-Family (6-8 du/acre),Residential,Yes,http://www.columbus.gov/planning/documentlibrary/,2012-03-22T00:00:00.000Z,,
452,Scioto Southland Plan,2007-10-22T00:00:00.000Z,Single-Family (1-2 du/acre),Residential,Yes,http://www.columbus.gov/planning/documentlibrary/,2012-03-22T00:00:00.000Z,,
453,Scioto Southland Plan,2007-10-22T00:00:00.000Z,Single Family (4-6 du/acre),Residential,Yes,http://www.columbus.gov/planning/documentlibrary/,2012-03-22T00:00:00.000Z,,
454,Scioto Southland Plan,2007-10-22T00:00:00.000Z,Railroad,Other,Yes,http://www.columbus.gov/planning/documentlibrary/,2012-03-22T00:00:00.000Z,,
424,Southwest Area Plan,2009-03-02T00:00:00.000Z,Neighborhood Commercial,Commercial,Yes,http://www.columbus.gov/planning/documentlibrary/,2018-08-24T10:46:57.000Z,,Early Adoption
425,Southwest Area Plan,2009-03-02T00:00:00.000Z,Medium-Low Density Residential,Residential,Yes,http://www.columbus.gov/planning/documentlibrary/,2018-08-24T10:46:57.000Z,,Early Adoption
427,Southwest Area Plan,2009-03-02T00:00:00.000Z,Institutional,Institutional,Yes,http://www.columbus.gov/planning/documentlibrary/,2018-08-24T10:46:57.000Z,,Early Adoption
428,Southwest Area Plan,2009-03-02T00:00:00.000Z,Landfills and Quarries,Other,Yes,http://www.columbus.gov/planning/documentlibrary/,2018-08-24T10:46:57.000Z,,Early Adoption
429,Southwest Area Plan,2009-03-02T00:00:00.000Z,Open Space Stream Buffer,Parks/Open Space,Yes,http://www.columbus.gov/planning/documentlibrary/,2018-08-24T10:46:57.000Z,,Early Adoption
3034,Westland Area Plan,1994-02-14T00:00:00.000Z,Institutional,Institutional,No,http://www.columbus.gov/planning/documentlibrary/,2018-08-24T10:46:02.000Z,,Early Adoption
1110,Olentangy West Area Plan,2013-09-23T00:00:00.000Z,Low-Medium Density Residential,Residential,Yes,http://www.columbus.gov/planning/documentlibrary/,2013-10-16T00:00:00.000Z,,
546,Trabue/Roberts Area Plan,2011-02-28T00:00:00.000Z,Low-Medium Density Residential,Residential,Yes,http://www.columbus.gov/planning/documentlibrary/,2012-03-22T00:00:00.000Z,,
1119,Olentangy West Area Plan,2013-09-23T00:00:00.000Z,Institutional,Institutional,Yes,http://www.columbus.gov/planning/documentlibrary/,2013-10-16T00:00:00.000Z,,
1120,Olentangy West Area Plan,2013-09-23T00:00:00.000Z,Low Density Residential,Residential,Yes,http://www.columbus.gov/planning/documentlibrary/,2013-10-16T00:00:00.000Z,,
548,Trabue/Roberts Area Plan,2011-02-28T00:00:00.000Z,Medium-High Density Mixed Residential,Residential,Yes,http://www.columbus.gov/planning/documentlibrary/,2012-03-22T00:00:00.000Z,,
549,Trabue/Roberts Area Plan,2011-02-28T00:00:00.000Z,Mixed Use (Community),Mixed Use,Yes,http://www.columbus.gov/planning/documentlibrary/,2012-03-22T00:00:00.000Z,,
550,Trabue/Roberts Area Plan,2011-02-28T00:00:00.000Z,Mixed Use (Neighborhood),Mixed Use,Yes,http://www.columbus.gov/planning/documentlibrary/,2012-03-22T00:00:00.000Z,,
551,Trabue/Roberts Area Plan,2011-02-28T00:00:00.000Z,Office,Office,Yes,http://www.columbus.gov/planning/documentlibrary/,2012-03-22T00:00:00.000Z,,
552,Trabue/Roberts Area Plan,2011-02-28T00:00:00.000Z,Open Space,Parks/Open Space,Yes,http://www.columbus.gov/planning/documentlibrary/,2012-03-22T00:00:00.000Z,,
553,Trabue/Roberts Area Plan,2011-02-28T00:00:00.000Z,Parks & Recreation,Parks/Open Space,Yes,http://www.columbus.gov/planning/documentlibrary/,2012-03-22T00:00:00.000Z,,
554,Trabue/Roberts Area Plan,2011-02-28T00:00:00.000Z,Quarry Reuse,Other,Yes,http://www.columbus.gov/planning/documentlibrary/,2012-03-22T00:00:00.000Z,,
3349,The Northwest Plan,2016-12-05T00:00:00.000Z,Site A,Other,Yes,http://www.columbus.gov/planning/documentlibrary/,2016-12-08T10:10:22.000Z,,
3350,The Northwest Plan,2016-12-05T00:00:00.000Z,Utilities and Rail Roads,Other,Yes,http://www.columbus.gov/planning/documentlibrary/,2016-12-08T10:10:19.000Z,,
3351,The Northwest Plan,2016-12-05T00:00:00.000Z,Commercial (Community),Commercial,Yes,http://www.columbus.gov/planning/documentlibrary/,2016-12-08T10:10:59.000Z,,
3352,The Northwest Plan,2016-12-05T00:00:00.000Z,Industrial and Warehouse,Industrial,Yes,http://www.columbus.gov/planning/documentlibrary/,2016-12-08T10:11:40.000Z,,
3353,The Northwest Plan,2016-12-05T00:00:00.000Z,Office,Office,Yes,http://www.columbus.gov/planning/documentlibrary/,2016-12-08T10:10:39.000Z,,
3354,The Northwest Plan,2016-12-05T00:00:00.000Z,Institutional,Institutional,Yes,http://www.columbus.gov/planning/documentlibrary/,2016-12-08T10:11:27.000Z,,
398,Greater Hilltop Plan,2010-09-27T00:00:00.000Z,Medium Density Mixed,Residential,Yes,http://www.columbus.gov/planning/documentlibrary/,2012-03-22T00:00:00.000Z,,
3355,The Northwest Plan,2016-12-05T00:00:00.000Z,Mixed Use 1,Mixed Use,Yes,http://www.columbus.gov/planning/documentlibrary/,2016-12-08T10:10:47.000Z,,
3356,The Northwest Plan,2016-12-05T00:00:00.000Z,Low-Medium Density Residential,Residential,Yes,http://www.columbus.gov/planning/documentlibrary/,2016-12-23T09:38:39.000Z,,
3357,The Northwest Plan,2016-12-05T00:00:00.000Z,High Density Residential,Residential,Yes,http://www.columbus.gov/planning/documentlibrary/,2016-12-08T10:11:06.000Z,,
3358,The Northwest Plan,2016-12-05T00:00:00.000Z,Medium Density Residential,Residential,Yes,http://www.columbus.gov/planning/documentlibrary/,2016-12-08T10:11:20.000Z,,
3361,The Northwest Plan,2016-12-05T00:00:00.000Z,Parks and Recreation,Parks/Open Space,Yes,http://www.columbus.gov/planning/documentlibrary/,2016-12-08T10:10:04.000Z,,
3362,The Northwest Plan,2016-12-05T00:00:00.000Z,Low Density Residential,Residential,Yes,http://www.columbus.gov/planning/documentlibrary/,2016-12-23T09:38:39.000Z,,
399,Greater Hilltop Plan,2010-09-27T00:00:00.000Z,Low-Medium Density,Residential,Yes,http://www.columbus.gov/planning/documentlibrary/,2012-03-22T00:00:00.000Z,,
400,Greater Hilltop Plan,2010-09-27T00:00:00.000Z,Mixed Use,Mixed Use,Yes,http://www.columbus.gov/planning/documentlibrary/,2012-03-22T00:00:00.000Z,,
401,Greater Hilltop Plan,2010-09-27T00:00:00.000Z,Industrial (Light),Industrial,Yes,http://www.columbus.gov/planning/documentlibrary/,2012-03-22T00:00:00.000Z,,
402,Greater Hilltop Plan,2010-09-27T00:00:00.000Z,Med-High Density Mixed,Residential,Yes,http://www.columbus.gov/planning/documentlibrary/,2012-03-22T00:00:00.000Z,,
403,Greater Hilltop Plan,2010-09-27T00:00:00.000Z,Institutional,Institutional,Yes,http://www.columbus.gov/planning/documentlibrary/,2012-03-22T00:00:00.000Z,,
404,Greater Hilltop Plan,2010-09-27T00:00:00.000Z,Commercial (Community),Commercial,Yes,http://www.columbus.gov/planning/documentlibrary/,2012-03-22T00:00:00.000Z,,
405,Greater Hilltop Plan,2010-09-27T00:00:00.000Z,Mixed Use - Community,Mixed Use,Yes,http://www.columbus.gov/planning/documentlibrary/,2012-03-22T00:00:00.000Z,,
406,Greater Hilltop Plan,2010-09-27T00:00:00.000Z,Parks,Parks/Open Space,Yes,http://www.columbus.gov/planning/documentlibrary/,2012-03-22T00:00:00.000Z,,
3359,The Northwest Plan,2016-12-05T00:00:00.000Z,Outside of Plan Scope,Other,Yes,http://www.columbus.gov/planning/documentlibrary/,2016-12-08T10:10:29.000Z,,
3360,The Northwest Plan,2016-12-05T00:00:00.000Z,Medium-High Density Residential,Residential,Yes,http://www.columbus.gov/planning/documentlibrary/,2016-12-08T10:11:17.000Z,,
3363,The Northwest Plan,2016-12-05T00:00:00.000Z,Mixed Use 2,Mixed Use,Yes,http://www.columbus.gov/planning/documentlibrary/,2016-12-08T10:10:49.000Z,,
3364,The Northwest Plan,2016-12-05T00:00:00.000Z,Private Open Space,Parks/Open Space,Yes,http://www.columbus.gov/planning/documentlibrary/,2016-12-08T10:10:07.000Z,,
3669,The Northwest Plan,2016-12-05T00:00:00.000Z,Low Density Residential - Site B,Residential,Yes,http://www.columbus.gov/planning/documentlibrary/,2016-12-23T09:39:54.000Z,,
408,Greater Hilltop Plan,2010-09-27T00:00:00.000Z,Very High Density,Residential,Yes,http://www.columbus.gov/planning/documentlibrary/,2012-03-22T00:00:00.000Z,,
409,Greater Hilltop Plan,2010-09-27T00:00:00.000Z,Agriculture,Agriculture,Yes,http://www.columbus.gov/planning/documentlibrary/,2012-03-22T00:00:00.000Z,,
410,Greater Hilltop Plan,2010-09-27T00:00:00.000Z,Mixed Use - Regional,Mixed Use,Yes,http://www.columbus.gov/planning/documentlibrary/,2012-03-22T00:00:00.000Z,,
411,Greater Hilltop Plan,2010-09-27T00:00:00.000Z,Warehouse/Flex Office,Industrial,Yes,http://www.columbus.gov/planning/documentlibrary/,2012-03-22T00:00:00.000Z,,
412,Greater Hilltop Plan,2010-09-27T00:00:00.000Z,Open Space,Parks/Open Space,Yes,http://www.columbus.gov/planning/documentlibrary/,2012-03-22T00:00:00.000Z,,
413,Greater Hilltop Plan,2010-09-27T00:00:00.000Z,Commercial (Neighborhood),Commercial,Yes,http://www.columbus.gov/planning/documentlibrary/,2012-03-22T00:00:00.000Z,,
414,Greater Hilltop Plan,2010-09-27T00:00:00.000Z,Utilities and Rail Roads,Other,Yes,http://www.columbus.gov/planning/documentlibrary/,2012-03-22T00:00:00.000Z,,
415,Greater Hilltop Plan,2010-09-27T00:00:00.000Z,High Density Residential,Residential,Yes,http://www.columbus.gov/planning/documentlibrary/,2012-03-22T00:00:00.000Z,,
416,Greater Hilltop Plan,2010-09-27T00:00:00.000Z,Employment Center,Employment Center,Yes,http://www.columbus.gov/planning/documentlibrary/,2012-03-22T00:00:00.000Z,,
418,Southwest Area Plan,2009-03-02T00:00:00.000Z,Low Density Residential,Residential,Yes,http://www.columbus.gov/planning/documentlibrary/,2018-08-24T10:46:57.000Z,,Early Adoption
421,Southwest Area Plan,2009-03-02T00:00:00.000Z,Industrial,Industrial,Yes,http://www.columbus.gov/planning/documentlibrary/,2018-08-24T10:46:57.000Z,,Early Adoption
420,Southwest Area Plan,2009-03-02T00:00:00.000Z,Community Commercial,Commercial,Yes,http://www.columbus.gov/planning/documentlibrary/,2018-08-24T10:46:57.000Z,,Early Adoption
422,Southwest Area Plan,2009-03-02T00:00:00.000Z,Open Space,Parks/Open Space,Yes,http://www.columbus.gov/planning/documentlibrary/,2018-08-24T10:46:57.000Z,,Early Adoption
423,Southwest Area Plan,2009-03-02T00:00:00.000Z,Light Industrial,Industrial,Yes,http://www.columbus.gov/planning/documentlibrary/,2018-08-24T10:46:57.000Z,,Early Adoption
592,5th by Northwest Area Plan,2009-03-02T00:00:00.000Z,Commercial (Community),Commercial,Yes,http://www.columbus.gov/planning/documentlibrary/,2018-08-24T10:44:11.000Z,,Early Adoption
593,5th by Northwest Area Plan,2009-03-02T00:00:00.000Z,Office,Office,Yes,http://www.columbus.gov/planning/documentlibrary/,2018-08-24T10:44:11.000Z,,Early Adoption
595,Harrison West Plan,2005-09-12T00:00:00.000Z,One and Two Family,Residential,Yes,http://www.columbus.gov/planning/documentlibrary/,2018-08-24T10:51:53.000Z,,Early Adoption
596,Harrison West Plan,2005-09-12T00:00:00.000Z,Townhomes,Residential,Yes,http://www.columbus.gov/planning/documentlibrary/,2018-08-24T10:51:53.000Z,,Early Adoption
597,Harrison West Plan,2005-09-12T00:00:00.000Z,Greenspace/Parkland,Parks/Open Space,Yes,http://www.columbus.gov/planning/documentlibrary/,2018-08-24T10:51:53.000Z,,Early Adoption
598,Harrison West Plan,2005-09-12T00:00:00.000Z,Parkland Acquisition,Parks/Open Space,Yes,http://www.columbus.gov/planning/documentlibrary/,2018-08-24T10:51:53.000Z,,Early Adoption
599,Harrison West Plan,2005-09-12T00:00:00.000Z,Neighborhood Retail,Commercial,Yes,http://www.columbus.gov/planning/documentlibrary/,2018-08-24T10:51:53.000Z,,Early Adoption
600,Harrison West Plan,2005-09-12T00:00:00.000Z,Battelle,Industrial,Yes,http://www.columbus.gov/planning/documentlibrary/,2018-08-24T10:51:53.000Z,,Early Adoption
601,Harrison West Plan,2005-09-12T00:00:00.000Z,Mix-Density Residential,Residential,Yes,http://www.columbus.gov/planning/documentlibrary/,2018-08-24T10:51:53.000Z,,Early Adoption
602,Harrison West Plan,2005-09-12T00:00:00.000Z,Office/Commercial,Commercial,Yes,http://www.columbus.gov/planning/documentlibrary/,2018-08-24T10:51:53.000Z,,Early Adoption
604,Harrison West Plan,2005-09-12T00:00:00.000Z,Possible Parkland,Parks/Open Space,Yes,http://www.columbus.gov/planning/documentlibrary/,2018-08-24T10:51:53.000Z,,Early Adoption
605,Milo-Grogan Neighborhood Plan,2007-04-09T00:00:00.000Z,Utiility & City Owned,Other,No,http://www.columbus.gov/planning/documentlibrary/,2018-08-24T10:49:19.000Z,,Early Adoption
606,Milo-Grogan Neighborhood Plan,2007-04-09T00:00:00.000Z,Light Industrial,Industrial,No,http://www.columbus.gov/planning/documentlibrary/,2018-08-24T10:49:19.000Z,,Early Adoption
665,Italian Village East Redevelopment Plan,2000-11-20T00:00:00.000Z,Residential (1-2 Units),Residential,No,http://www.columbus.gov/planning/documentlibrary/,2012-03-22T00:00:00.000Z,,
666,Italian Village East Redevelopment Plan,2000-11-20T00:00:00.000Z,Commercial,Commercial,No,http://www.columbus.gov/planning/documentlibrary/,2012-03-22T00:00:00.000Z,,
561,Clintonville Area Plan,2009-03-02T00:00:00.000Z,Commercial (Neighborhood),Commercial,Yes,http://www.columbus.gov/planning/documentlibrary/,2012-03-22T00:00:00.000Z,,
574,Interim Hayden Run Corridor Plan,2004-06-14T00:00:00.000Z,Community Center/School,Institutional,Yes,http://www.columbus.gov/planning/documentlibrary/,2018-08-24T10:50:58.000Z,,Early Adoption
603,Harrison West Plan,2005-09-12T00:00:00.000Z,Office,Office,Yes,http://www.columbus.gov/planning/documentlibrary/,2018-08-24T10:51:53.000Z,,Early Adoption
667,Italian Village East Redevelopment Plan,2000-11-20T00:00:00.000Z,Mixed Use,Mixed Use,No,http://www.columbus.gov/planning/documentlibrary/,2012-03-22T00:00:00.000Z,,
668,Italian Village East Redevelopment Plan,2000-11-20T00:00:00.000Z,Residential (3-4 Units),Residential,No,http://www.columbus.gov/planning/documentlibrary/,2012-03-22T00:00:00.000Z,,
669,Italian Village East Redevelopment Plan,2000-11-20T00:00:00.000Z,Residential (>4 Units),Residential,No,http://www.columbus.gov/planning/documentlibrary/,2012-03-22T00:00:00.000Z,,
555,Trabue/Roberts Area Plan,2011-02-28T00:00:00.000Z,Utilities and Railroads,Other,Yes,http://www.columbus.gov/planning/documentlibrary/,2012-03-22T00:00:00.000Z,,
557,Clintonville Area Plan,2009-03-02T00:00:00.000Z,Commercial (Auto-Related),Commercial,Yes,http://www.columbus.gov/planning/documentlibrary/,2012-03-22T00:00:00.000Z,,
558,Clintonville Area Plan,2009-03-02T00:00:00.000Z,Rail,Other,Yes,http://www.columbus.gov/planning/documentlibrary/,2012-03-22T00:00:00.000Z,,
559,Clintonville Area Plan,2009-03-02T00:00:00.000Z,Multifamily,Residential,Yes,http://www.columbus.gov/planning/documentlibrary/,2012-03-22T00:00:00.000Z,,
560,Clintonville Area Plan,2009-03-02T00:00:00.000Z,Commercial (Community),Commercial,Yes,http://www.columbus.gov/planning/documentlibrary/,2012-03-22T00:00:00.000Z,,
562,Clintonville Area Plan,2009-03-02T00:00:00.000Z,Institutional,Institutional,Yes,http://www.columbus.gov/planning/documentlibrary/,2012-03-22T00:00:00.000Z,,
563,Clintonville Area Plan,2009-03-02T00:00:00.000Z,Mixed Use,Mixed Use,Yes,http://www.columbus.gov/planning/documentlibrary/,2012-03-22T00:00:00.000Z,,
564,Clintonville Area Plan,2009-03-02T00:00:00.000Z,Open Space,Parks/Open Space,Yes,http://www.columbus.gov/planning/documentlibrary/,2012-03-22T00:00:00.000Z,,
565,Clintonville Area Plan,2009-03-02T00:00:00.000Z,Office,Office,Yes,http://www.columbus.gov/planning/documentlibrary/,2012-03-22T00:00:00.000Z,,
567,Clintonville Area Plan,2009-03-02T00:00:00.000Z,Single Family,Residential,Yes,http://www.columbus.gov/planning/documentlibrary/,2012-03-22T00:00:00.000Z,,
568,Clintonville Area Plan,2009-03-02T00:00:00.000Z,Two-Three Family,Residential,Yes,http://www.columbus.gov/planning/documentlibrary/,2012-03-22T00:00:00.000Z,,
569,Interim Hayden Run Corridor Plan,2004-06-14T00:00:00.000Z,Office,Office,Yes,http://www.columbus.gov/planning/documentlibrary/,2018-08-24T10:50:58.000Z,,Early Adoption
570,Interim Hayden Run Corridor Plan,2004-06-14T00:00:00.000Z,Park,Parks/Open Space,Yes,http://www.columbus.gov/planning/documentlibrary/,2018-08-24T10:50:58.000Z,,Early Adoption
571,Interim Hayden Run Corridor Plan,2004-06-14T00:00:00.000Z,Neighborhood Commercial,Commercial,Yes,http://www.columbus.gov/planning/documentlibrary/,2018-08-24T10:50:58.000Z,,Early Adoption
572,Interim Hayden Run Corridor Plan,2004-06-14T00:00:00.000Z,Neighborhood Center,Residential,Yes,http://www.columbus.gov/planning/documentlibrary/,2018-08-24T10:50:58.000Z,,Early Adoption
573,Interim Hayden Run Corridor Plan,2004-06-14T00:00:00.000Z,Community Commercial,Commercial,Yes,http://www.columbus.gov/planning/documentlibrary/,2018-08-24T10:50:58.000Z,,Early Adoption
575,Interim Hayden Run Corridor Plan,2004-06-14T00:00:00.000Z,Transit Oriented Dev.,Other,Yes,http://www.columbus.gov/planning/documentlibrary/,2018-08-24T10:50:58.000Z,,Early Adoption
576,Interim Hayden Run Corridor Plan,2004-06-14T00:00:00.000Z,Low Density Cluster,Residential,Yes,http://www.columbus.gov/planning/documentlibrary/,2018-08-24T10:50:58.000Z,,Early Adoption
578,Interim Hayden Run Corridor Plan,2004-06-14T00:00:00.000Z,Neighborhood General,Residential,Yes,http://www.columbus.gov/planning/documentlibrary/,2018-08-24T10:50:58.000Z,,Early Adoption
579,Interim Hayden Run Corridor Plan,2004-06-14T00:00:00.000Z,Neighborhood Edge,Residential,Yes,http://www.columbus.gov/planning/documentlibrary/,2018-08-24T10:50:58.000Z,,Early Adoption
580,Interim Hayden Run Corridor Plan,2004-06-14T00:00:00.000Z,Existing Park,Parks/Open Space,Yes,http://www.columbus.gov/planning/documentlibrary/,2018-08-24T10:50:58.000Z,,Early Adoption
581,Interim Hayden Run Corridor Plan,2004-06-14T00:00:00.000Z,Existing Public Facilities,Institutional,Yes,http://www.columbus.gov/planning/documentlibrary/,2018-08-24T10:50:58.000Z,,Early Adoption
582,Interim Hayden Run Corridor Plan,2004-06-14T00:00:00.000Z,Cluster Development,Residential,Yes,http://www.columbus.gov/planning/documentlibrary/,2018-08-24T10:50:58.000Z,,Early Adoption
584,Interim Hayden Run Corridor Plan,2004-06-14T00:00:00.000Z,Existing Commercial,Commercial,Yes,http://www.columbus.gov/planning/documentlibrary/,2018-08-24T10:50:58.000Z,,Early Adoption
585,Interim Hayden Run Corridor Plan,2004-06-14T00:00:00.000Z,Existing Multi-Family,Residential,Yes,http://www.columbus.gov/planning/documentlibrary/,2018-08-24T10:50:58.000Z,,Early Adoption
586,Interim Hayden Run Corridor Plan,2004-06-14T00:00:00.000Z,Hayden Run Buffer,Parks/Open Space,Yes,http://www.columbus.gov/planning/documentlibrary/,2018-08-24T10:50:58.000Z,,Early Adoption
587,5th by Northwest Area Plan,2009-03-02T00:00:00.000Z,Industrial (Light),Industrial,Yes,http://www.columbus.gov/planning/documentlibrary/,2018-08-24T10:44:11.000Z,,Early Adoption
588,5th by Northwest Area Plan,2009-03-02T00:00:00.000Z,Medium Density Mixed Residential,Residential,Yes,http://www.columbus.gov/planning/documentlibrary/,2018-08-24T10:44:11.000Z,,Early Adoption
589,5th by Northwest Area Plan,2009-03-02T00:00:00.000Z,Single/ Two Family,Residential,Yes,http://www.columbus.gov/planning/documentlibrary/,2018-08-24T10:44:11.000Z,,Early Adoption
590,5th by Northwest Area Plan,2009-03-02T00:00:00.000Z,Multifamily,Residential,Yes,http://www.columbus.gov/planning/documentlibrary/,2018-08-24T10:44:11.000Z,,Early Adoption
591,5th by Northwest Area Plan,2009-03-02T00:00:00.000Z,Mixed Use,Mixed Use,Yes,http://www.columbus.gov/planning/documentlibrary/,2018-08-24T10:44:11.000Z,,Early Adoption
4035,Far East Land Use Plan (C2P2),2018-07-16T00:00:00.000Z,Mixed Use 2 (24-45 du/ac),Mixed Use,Yes,http://www.columbus.gov/planning/documentlibrary/,2018-09-28T13:20:50.000Z,1,Complete Adoption
4037,South East Land Use Plan (C2P2),2018-07-16T00:00:00.000Z,Employment Center,Employment Center,Yes,http://www.columbus.gov/planning/documentlibrary/,2018-09-28T13:22:21.000Z,,Complete Adoption
663,Italian Village East Redevelopment Plan,2000-11-20T00:00:00.000Z,Manufacturing,Industrial,No,http://www.columbus.gov/planning/documentlibrary/,2012-03-22T00:00:00.000Z,,
664,Italian Village East Redevelopment Plan,2000-11-20T00:00:00.000Z,Institutional,Institutional,No,http://www.columbus.gov/planning/documentlibrary/,2012-03-22T00:00:00.000Z,,
540,Trabue/Roberts Area Plan,2011-02-28T00:00:00.000Z,Commercial (Neighborhood),Commercial,Yes,http://www.columbus.gov/planning/documentlibrary/,2012-03-22T00:00:00.000Z,,
541,Trabue/Roberts Area Plan,2011-02-28T00:00:00.000Z,Employment Center,Employment Center,Yes,http://www.columbus.gov/planning/documentlibrary/,2012-03-22T00:00:00.000Z,,
542,Trabue/Roberts Area Plan,2011-02-28T00:00:00.000Z,High Density Residential,Residential,Yes,http://www.columbus.gov/planning/documentlibrary/,2012-03-22T00:00:00.000Z,,
543,Trabue/Roberts Area Plan,2011-02-28T00:00:00.000Z,Institutional,Institutional,Yes,http://www.columbus.gov/planning/documentlibrary/,2012-03-22T00:00:00.000Z,,
544,Trabue/Roberts Area Plan,2011-02-28T00:00:00.000Z,Light Industrial,Industrial,Yes,http://www.columbus.gov/planning/documentlibrary/,2012-03-22T00:00:00.000Z,,
4038,Far East Land Use Plan (C2P2),2018-07-16T00:00:00.000Z,Mixed Use 2 (24-45 du/ac),Mixed Use,Yes,http://www.columbus.gov/planning/documentlibrary/,2018-09-28T13:20:50.000Z,"1, 2",Complete Adoption
4039,South East Land Use Plan (C2P2),2018-07-16T00:00:00.000Z,Medium Density Residential (10-16 du/ac),Residential,Yes,http://www.columbus.gov/planning/documentlibrary/,2018-10-04T16:35:52.000Z,,Complete Adoption
680,Near East Area Plan,2005-09-19T00:00:00.000Z,Higher Density Residential/ Mixed Use,Mixed Use,Yes,http://www.columbus.gov/planning/documentlibrary/,2012-03-22T00:00:00.000Z,,
681,Near East Area Plan,2005-09-19T00:00:00.000Z,Light Industrial/Commercial,Industrial,Yes,http://www.columbus.gov/planning/documentlibrary/,2012-03-22T00:00:00.000Z,,
682,Near East Area Plan,2005-09-19T00:00:00.000Z,Lower and Medium Density Residential,Residential,Yes,http://www.columbus.gov/planning/documentlibrary/,2012-03-22T00:00:00.000Z,,
683,Near East Area Plan,2005-09-19T00:00:00.000Z,East Broasd Street,Other,Yes,http://www.columbus.gov/planning/documentlibrary/,2012-03-22T00:00:00.000Z,,
684,Near East Area Plan,2005-09-19T00:00:00.000Z,Office/Light Industrial/Mixed Uses,Employment Center,Yes,http://www.columbus.gov/planning/documentlibrary/,2012-03-22T00:00:00.000Z,,
685,Northland Plan - Volume II,2002-06-24T00:00:00.000Z,Blendon District,Other,Yes,http://www.columbus.gov/planning/documentlibrary/,2012-03-22T00:00:00.000Z,,
686,Northland Plan - Volume II,2002-06-24T00:00:00.000Z,Preserve District,Other,Yes,http://www.columbus.gov/planning/documentlibrary/,2012-03-22T00:00:00.000Z,,
4040,Far East Land Use Plan (C2P2),2018-07-16T00:00:00.000Z,Industrial and Warehouse,Industrial,Yes,http://www.columbus.gov/planning/documentlibrary/,2018-09-28T13:20:50.000Z,3,Complete Adoption
607,Milo-Grogan Neighborhood Plan,2007-04-09T00:00:00.000Z,Multifamily Residential,Residential,No,http://www.columbus.gov/planning/documentlibrary/,2018-08-24T10:49:19.000Z,,Early Adoption
608,Milo-Grogan Neighborhood Plan,2007-04-09T00:00:00.000Z,Heavy Industrial,Industrial,No,http://www.columbus.gov/planning/documentlibrary/,2018-08-24T10:49:19.000Z,,Early Adoption
609,Milo-Grogan Neighborhood Plan,2007-04-09T00:00:00.000Z,Mixed Use,Mixed Use,No,http://www.columbus.gov/planning/documentlibrary/,2018-08-24T10:49:19.000Z,,Early Adoption
611,Milo-Grogan Neighborhood Plan,2007-04-09T00:00:00.000Z,Institutional,Institutional,No,http://www.columbus.gov/planning/documentlibrary/,2018-08-24T10:49:19.000Z,,Early Adoption
612,Milo-Grogan Neighborhood Plan,2007-04-09T00:00:00.000Z,Single-family Residential,Residential,No,http://www.columbus.gov/planning/documentlibrary/,2018-08-24T10:49:19.000Z,,Early Adoption
613,Milo-Grogan Neighborhood Plan,2007-04-09T00:00:00.000Z,Commercial,Commercial,No,http://www.columbus.gov/planning/documentlibrary/,2018-08-24T10:49:19.000Z,,Early Adoption
614,Milo-Grogan Neighborhood Plan,2007-04-09T00:00:00.000Z,Office,Office,No,http://www.columbus.gov/planning/documentlibrary/,2018-08-24T10:49:19.000Z,,Early Adoption
615,Milo-Grogan Neighborhood Plan,2007-04-09T00:00:00.000Z,Park,Parks/Open Space,No,http://www.columbus.gov/planning/documentlibrary/,2018-08-24T10:49:19.000Z,,Early Adoption
616,Rocky Fork - Blacklick Accord,2003-12-15T00:00:00.000Z,Commercial,Commercial,Yes,http://www.columbus.gov/planning/documentlibrary/,2012-03-22T00:00:00.000Z,,
617,Rocky Fork - Blacklick Accord,2003-12-15T00:00:00.000Z,Edge,Other,Yes,http://www.columbus.gov/planning/documentlibrary/,2012-03-22T00:00:00.000Z,,
619,Rocky Fork - Blacklick Accord,2003-12-15T00:00:00.000Z,Neighborhood,Residential,Yes,http://www.columbus.gov/planning/documentlibrary/,2012-03-22T00:00:00.000Z,,
620,Rocky Fork - Blacklick Accord,2003-12-15T00:00:00.000Z,Neighborhood Center,Residential,Yes,http://www.columbus.gov/planning/documentlibrary/,2012-03-22T00:00:00.000Z,,
621,Rocky Fork - Blacklick Accord,2003-12-15T00:00:00.000Z,Neighborhood Center Commerical,Commercial,Yes,http://www.columbus.gov/planning/documentlibrary/,2012-03-22T00:00:00.000Z,,
622,Rocky Fork - Blacklick Accord,2003-12-15T00:00:00.000Z,Park Zone,Parks/Open Space,Yes,http://www.columbus.gov/planning/documentlibrary/,2012-03-22T00:00:00.000Z,,
623,Rocky Fork - Blacklick Accord,2003-12-15T00:00:00.000Z,Village Residential,Residential,Yes,http://www.columbus.gov/planning/documentlibrary/,2012-03-22T00:00:00.000Z,,
624,Rocky Fork - Blacklick Accord,2003-12-15T00:00:00.000Z,Town Residential,Residential,Yes,http://www.columbus.gov/planning/documentlibrary/,2012-03-22T00:00:00.000Z,,
625,Rocky Fork - Blacklick Accord,2003-12-15T00:00:00.000Z,Civic/Schools,Institutional,Yes,http://www.columbus.gov/planning/documentlibrary/,2012-03-22T00:00:00.000Z,,
627,Rocky Fork - Blacklick Accord,2003-12-15T00:00:00.000Z,Town Mixed Use,Mixed Use,Yes,http://www.columbus.gov/planning/documentlibrary/,2012-03-22T00:00:00.000Z,,
628,Rocky Fork - Blacklick Accord,2003-12-15T00:00:00.000Z,Multi-Family,Residential,Yes,http://www.columbus.gov/planning/documentlibrary/,2012-03-22T00:00:00.000Z,,
629,Rocky Fork - Blacklick Accord,2003-12-15T00:00:00.000Z,Office,Office,Yes,http://www.columbus.gov/planning/documentlibrary/,2012-03-22T00:00:00.000Z,,
631,Rocky Fork - Blacklick Accord,2003-12-15T00:00:00.000Z,Office/Warehouse,Employment Center,Yes,http://www.columbus.gov/planning/documentlibrary/,2012-03-22T00:00:00.000Z,,
632,Rocky Fork - Blacklick Accord,2003-12-15T00:00:00.000Z,Natural/Rural Corridor,Other,Yes,http://www.columbus.gov/planning/documentlibrary/,2012-03-22T00:00:00.000Z,,
633,Rocky Fork - Blacklick Accord,2003-12-15T00:00:00.000Z,Natural/Rural Corridor,Parks/Open Space,Yes,http://www.columbus.gov/planning/documentlibrary/,2012-03-22T00:00:00.000Z,,
634,Big Darby Accord Watershed Master Plan,2006-07-31T00:00:00.000Z,Agricultural Use,Agriculture,Yes,http://www.columbus.gov/planning/documentlibrary/,2012-03-22T00:00:00.000Z,,
635,Big Darby Accord Watershed Master Plan,2006-07-31T00:00:00.000Z,Commercial,Commercial,Yes,http://www.columbus.gov/planning/documentlibrary/,2018-09-28T10:05:06.000Z,,
637,Big Darby Accord Watershed Master Plan,2006-07-31T00:00:00.000Z,Golf Course,Parks/Open Space,Yes,http://www.columbus.gov/planning/documentlibrary/,2012-03-22T00:00:00.000Z,,
638,Big Darby Accord Watershed Master Plan,2006-07-31T00:00:00.000Z,Industrial,Industrial,Yes,http://www.columbus.gov/planning/documentlibrary/,2018-09-28T10:05:11.000Z,,
639,Big Darby Accord Watershed Master Plan,2006-07-31T00:00:00.000Z,Institutional,Institutional,Yes,http://www.columbus.gov/planning/documentlibrary/,2018-09-28T10:05:02.000Z,,
640,Big Darby Accord Watershed Master Plan,2006-07-31T00:00:00.000Z,Metro Park,Parks/Open Space,Yes,http://www.columbus.gov/planning/documentlibrary/,2012-03-22T00:00:00.000Z,,
641,Big Darby Accord Watershed Master Plan,2006-07-31T00:00:00.000Z,Mixed Use,Mixed Use,Yes,http://www.columbus.gov/planning/documentlibrary/,2012-03-22T00:00:00.000Z,,
642,Big Darby Accord Watershed Master Plan,2006-07-31T00:00:00.000Z,Res Conservation Devp 50% 0.2 - 0.5 du/ac,Residential,Yes,http://www.columbus.gov/planning/documentlibrary/,2012-03-22T00:00:00.000Z,,
643,Big Darby Accord Watershed Master Plan,2006-07-31T00:00:00.000Z,Res Conservation Devp 50% 1 du/ac,Residential,Yes,http://www.columbus.gov/planning/documentlibrary/,2012-03-22T00:00:00.000Z,,
644,Big Darby Accord Watershed Master Plan,2006-07-31T00:00:00.000Z,Roads and transportation,Other,Yes,http://www.columbus.gov/planning/documentlibrary/,2012-03-22T00:00:00.000Z,,
645,Big Darby Accord Watershed Master Plan,2006-07-31T00:00:00.000Z,Rural 0.2 - 0.5 DU/ac,Residential,Yes,http://www.columbus.gov/planning/documentlibrary/,2018-09-28T10:05:05.000Z,,
646,Big Darby Accord Watershed Master Plan,2006-07-31T00:00:00.000Z,Rural Estate,Residential,Yes,http://www.columbus.gov/planning/documentlibrary/,2012-03-22T00:00:00.000Z,,
647,Big Darby Accord Watershed Master Plan,2006-07-31T00:00:00.000Z,Special Residential LEEDS,Residential,Yes,http://www.columbus.gov/planning/documentlibrary/,2012-03-22T00:00:00.000Z,,
648,Big Darby Accord Watershed Master Plan,2006-07-31T00:00:00.000Z,Suburban 0.5 - 3 DUs/ac,Residential,Yes,http://www.columbus.gov/planning/documentlibrary/,2012-03-22T00:00:00.000Z,,
649,Big Darby Accord Watershed Master Plan,2006-07-31T00:00:00.000Z,Suburban High Density 3 - 5 DUs/ac,Residential,Yes,http://www.columbus.gov/planning/documentlibrary/,2012-03-22T00:00:00.000Z,,
650,Big Darby Accord Watershed Master Plan,2006-07-31T00:00:00.000Z,Tier1,Parks/Open Space,Yes,http://www.columbus.gov/planning/documentlibrary/,2012-03-22T00:00:00.000Z,,
652,Big Darby Accord Watershed Master Plan,2006-07-31T00:00:00.000Z,Tier3,Parks/Open Space,Yes,http://www.columbus.gov/planning/documentlibrary/,2012-03-22T00:00:00.000Z,,
653,Big Darby Accord Watershed Master Plan,2006-07-31T00:00:00.000Z,Town Center,Mixed Use,Yes,http://www.columbus.gov/planning/documentlibrary/,2012-03-22T00:00:00.000Z,,
654,Big Darby Accord Watershed Master Plan,2006-07-31T00:00:00.000Z,Urban High Density 8+ du/ac,Residential,Yes,http://www.columbus.gov/planning/documentlibrary/,2018-09-28T10:05:16.000Z,,
4013,South Linden Land Use Plan (C2P2),2018-07-16T00:00:00.000Z,Mixed Use 3 (>45 du/ac),Mixed Use,Yes,http://www.columbus.gov/planning/documentlibrary/,2018-10-04T16:36:30.000Z,"1,2,3",Complete Adoption
4036,South East Land Use Plan (C2P2),2018-07-16T00:00:00.000Z,Low Density Residential (4-6 du/ac),Residential,Yes,http://www.columbus.gov/planning/documentlibrary/,2018-10-04T16:35:35.000Z,,Complete Adoption
731,Riverfront Vision Plan,1998-03-02T00:00:00.000Z,No adopted land use plan in place,Please refer to plan document,No,http://www.columbus.gov/planning/documentlibrary/,2012-03-22T00:00:00.000Z,,
732,Port Columbus Joint Economic Development Strategy,2008-05-05T00:00:00.000Z,Commercial,Commercial,No,http://www.columbus.gov/planning/documentlibrary/,2012-03-22T00:00:00.000Z,,
733,Port Columbus Joint Economic Development Strategy,2008-05-05T00:00:00.000Z,Office/ Light Industrial,Employment Center,No,http://www.columbus.gov/planning/documentlibrary/,2012-03-22T00:00:00.000Z,,
734,Port Columbus Joint Economic Development Strategy,2008-05-05T00:00:00.000Z,Institutional,Institutional,No,http://www.columbus.gov/planning/documentlibrary/,2012-03-22T00:00:00.000Z,,
735,Port Columbus Joint Economic Development Strategy,2008-05-05T00:00:00.000Z,Mixed Use,Mixed Use,No,http://www.columbus.gov/planning/documentlibrary/,2012-03-22T00:00:00.000Z,,
737,Port Columbus Joint Economic Development Strategy,2008-05-05T00:00:00.000Z,Industrial (Light),Industrial,No,http://www.columbus.gov/planning/documentlibrary/,2012-03-22T00:00:00.000Z,,
419,Southwest Area Plan,2009-03-02T00:00:00.000Z,Semi-Rural Residential,Residential,Yes,http://www.columbus.gov/planning/documentlibrary/,2018-08-24T10:46:57.000Z,,Early Adoption
630,Rocky Fork - Blacklick Accord,2003-12-15T00:00:00.000Z,Village Mixed Use,Mixed Use,Yes,http://www.columbus.gov/planning/documentlibrary/,2012-03-22T00:00:00.000Z,,
651,Big Darby Accord Watershed Master Plan,2006-07-31T00:00:00.000Z,Tier2,Parks/Open Space,Yes,http://www.columbus.gov/planning/documentlibrary/,2012-03-22T00:00:00.000Z,,
594,5th by Northwest Area Plan,2009-03-02T00:00:00.000Z,Institutional,Institutional,Yes,http://www.columbus.gov/planning/documentlibrary/,2018-08-24T10:44:11.000Z,,Early Adoption
1440,Northland I Area Plan,2014-02-03T00:00:00.000Z,High Density Residential,Residential,Yes,http://www.columbus.gov/planning/documentlibrary/,2014-02-13T00:00:00.000Z,,
718,Near East Area Plan,2005-09-19T00:00:00.000Z,Not specified,Other,Yes,http://www.columbus.gov/planning/documentlibrary/,2012-03-22T00:00:00.000Z,,
426,Southwest Area Plan,2009-03-02T00:00:00.000Z,Park,Parks/Open Space,Yes,http://www.columbus.gov/planning/documentlibrary/,2018-08-24T10:46:57.000Z,,Early Adoption
545,Trabue/Roberts Area Plan,2011-02-28T00:00:00.000Z,Low Density Residential,Residential,Yes,http://www.columbus.gov/planning/documentlibrary/,2012-03-22T00:00:00.000Z,,
1775,Far North Area Plan,2014-09-15T00:00:00.000Z,High Density Residential,Residential,Yes,http://www.columbus.gov/planning/documentlibrary/,2014-09-30T00:00:00.000Z,,
556,Trabue/Roberts Area Plan,2011-02-28T00:00:00.000Z,Very Low Density Residential,Residential,Yes,http://www.columbus.gov/planning/documentlibrary/,2012-03-22T00:00:00.000Z,,
655,Big Darby Accord Watershed Master Plan,2006-07-31T00:00:00.000Z,Urban Medium Density 5 - 8 DUs/ac,Residential,Yes,http://www.columbus.gov/planning/documentlibrary/,2012-03-22T00:00:00.000Z,,
670,Italian Village East Redevelopment Plan,2000-11-20T00:00:00.000Z,Parking,Other,No,http://www.columbus.gov/planning/documentlibrary/,2012-03-22T00:00:00.000Z,,
444,Scioto Southland Plan,2007-10-22T00:00:00.000Z,Light Manufacturing,Industrial,Yes,http://www.columbus.gov/planning/documentlibrary/,2012-03-22T00:00:00.000Z,,
461,South Central Accord,1997-07-21T00:00:00.000Z,Office,Office,Yes,http://www.columbus.gov/planning/documentlibrary/,2012-03-22T00:00:00.000Z,,
407,Greater Hilltop Plan,2010-09-27T00:00:00.000Z,Office,Office,Yes,http://www.columbus.gov/planning/documentlibrary/,2012-03-22T00:00:00.000Z,,
687,Northland Plan - Volume II,2002-06-24T00:00:00.000Z,Little Turtle District,Other,Yes,http://www.columbus.gov/planning/documentlibrary/,2012-03-22T00:00:00.000Z,,
1429,Northland I Area Plan,2014-02-03T00:00:00.000Z,Open Space,Parks/Open Space,Yes,http://www.columbus.gov/planning/documentlibrary/,2014-02-13T00:00:00.000Z,,
1430,Northland I Area Plan,2014-02-03T00:00:00.000Z,Commercial (Community),Commercial,Yes,http://www.columbus.gov/planning/documentlibrary/,2014-02-13T00:00:00.000Z,,
1431,Northland I Area Plan,2014-02-03T00:00:00.000Z,Warehouse Flex,Industrial,Yes,http://www.columbus.gov/planning/documentlibrary/,2014-02-13T00:00:00.000Z,,
1432,Northland I Area Plan,2014-02-03T00:00:00.000Z,Institutional,Institutional,Yes,http://www.columbus.gov/planning/documentlibrary/,2014-02-13T00:00:00.000Z,,
1433,Northland I Area Plan,2014-02-03T00:00:00.000Z,Mixed Use (Community),Mixed Use,Yes,http://www.columbus.gov/planning/documentlibrary/,2014-02-13T00:00:00.000Z,,
1434,Northland I Area Plan,2014-02-03T00:00:00.000Z,Low Density Residential,Residential,Yes,http://www.columbus.gov/planning/documentlibrary/,2014-02-13T00:00:00.000Z,,
1435,Northland I Area Plan,2014-02-03T00:00:00.000Z,Employment Center,Employment Center,Yes,http://www.columbus.gov/planning/documentlibrary/,2014-02-13T00:00:00.000Z,,
1436,Northland I Area Plan,2014-02-03T00:00:00.000Z,Utilities and Railroads,Other,Yes,http://www.columbus.gov/planning/documentlibrary/,2014-02-13T00:00:00.000Z,,
1437,Northland I Area Plan,2014-02-03T00:00:00.000Z,Low-Medium Density Residential,Residential,Yes,http://www.columbus.gov/planning/documentlibrary/,2014-02-13T00:00:00.000Z,,
1438,Northland I Area Plan,2014-02-03T00:00:00.000Z,Light Industrial,Industrial,Yes,http://www.columbus.gov/planning/documentlibrary/,2014-02-13T00:00:00.000Z,,
1439,Northland I Area Plan,2014-02-03T00:00:00.000Z,Commercial (Neighborhood),Commercial,Yes,http://www.columbus.gov/planning/documentlibrary/,2014-02-13T00:00:00.000Z,,
1441,Northland I Area Plan,2014-02-03T00:00:00.000Z,Office,Office,Yes,http://www.columbus.gov/planning/documentlibrary/,2014-02-13T00:00:00.000Z,,
1442,Northland I Area Plan,2014-02-03T00:00:00.000Z,Medium-High Density Mixed Residential,Residential,Yes,http://www.columbus.gov/planning/documentlibrary/,2014-02-13T00:00:00.000Z,,
2076,Far North Area Plan,2014-09-15T00:00:00.000Z,Utilities & Railroads,Other,Yes,http://www.columbus.gov/planning/documentlibrary/,2014-09-30T00:00:00.000Z,,
2709,University District Plan,2015-02-02T00:00:00.000Z,Lower Intensity Residential,Residential,Yes,http://www.columbus.gov/planning/documentlibrary/,2015-02-25T00:00:00.000Z,,
2710,University District Plan,2015-02-02T00:00:00.000Z,Institutional,Institutional,Yes,http://www.columbus.gov/planning/documentlibrary/,2015-02-25T00:00:00.000Z,,
2711,University District Plan,2015-02-02T00:00:00.000Z,Regional Mixed Use,Mixed Use,Yes,http://www.columbus.gov/planning/documentlibrary/,2015-02-25T00:00:00.000Z,,
2712,University District Plan,2015-02-02T00:00:00.000Z,Parks and Recreation,Parks/Open Space,Yes,http://www.columbus.gov/planning/documentlibrary/,2015-02-25T00:00:00.000Z,,
2713,University District Plan,2015-02-02T00:00:00.000Z,Medium Intensity Residential,Residential,Yes,http://www.columbus.gov/planning/documentlibrary/,2015-02-25T00:00:00.000Z,,
2714,University District Plan,2015-02-02T00:00:00.000Z,Higher Intensity Residential,Residential,Yes,http://www.columbus.gov/planning/documentlibrary/,2015-02-25T00:00:00.000Z,,
727,Brewery District Plan,1993-07-08T00:00:00.000Z,No adopted land use plan in place,Please refer to plan document,Yes,http://www.columbus.gov/planning/documentlibrary/,2012-03-22T00:00:00.000Z,,
728,Eastmoor Main & Broad Corridor Revitalization Plan,2007-04-09T00:00:00.000Z,No adopted land use plan in place,Please refer to plan document,No,http://www.columbus.gov/planning/documentlibrary/,2018-09-28T09:58:25.000Z,,Early Adoption
2715,University District Plan,2015-02-02T00:00:00.000Z,Neighborhood Mixed Use,Mixed Use,Yes,http://www.columbus.gov/planning/documentlibrary/,2015-02-25T00:00:00.000Z,,
4014,South East Land Use Plan (C2P2),2018-07-16T00:00:00.000Z,Institutional,Institutional,Yes,http://www.columbus.gov/planning/documentlibrary/,2018-09-28T13:22:21.000Z,,Complete Adoption
4015,South Linden Land Use Plan (C2P2),2018-07-16T00:00:00.000Z,Institutional,Institutional,Yes,http://www.columbus.gov/planning/documentlibrary/,2018-09-28T13:21:33.000Z,,Complete Adoption
566,Clintonville Area Plan,2009-03-02T00:00:00.000Z,Park,Parks/Open Space,Yes,http://www.columbus.gov/planning/documentlibrary/,2012-03-22T00:00:00.000Z,,
577,Interim Hayden Run Corridor Plan,2004-06-14T00:00:00.000Z,Town Center,Mixed Use,Yes,http://www.columbus.gov/planning/documentlibrary/,2018-08-24T10:50:58.000Z,,Early Adoption
4016,South East Land Use Plan (C2P2),2018-07-16T00:00:00.000Z,Mixed Use 2 (24-45 du/ac),Mixed Use,Yes,http://www.columbus.gov/planning/documentlibrary/,2018-10-04T16:36:23.000Z,2,Complete Adoption
4017,Far East Land Use Plan (C2P2),2018-07-16T00:00:00.000Z,Employment Center,Employment Center,Yes,http://www.columbus.gov/planning/documentlibrary/,2018-09-28T13:20:50.000Z,,Complete Adoption
4020,Far East Land Use Plan (C2P2),2018-07-16T00:00:00.000Z,Low–Medium Density Residential (6-10 du/ac),Residential,Yes,http://www.columbus.gov/planning/documentlibrary/,2018-09-28T13:20:50.000Z,,Complete Adoption
4022,South East Land Use Plan (C2P2),2018-07-16T00:00:00.000Z,Private Open Space,Parks/Open Space,Yes,http://www.columbus.gov/planning/documentlibrary/,2018-09-28T13:22:21.000Z,1,Complete Adoption
4018,South Linden Land Use Plan (C2P2),2018-07-16T00:00:00.000Z,Medium–High Density Residential (16-24 du/ac),Residential,Yes,http://www.columbus.gov/planning/documentlibrary/,2018-10-04T16:35:45.000Z,,Complete Adoption
4019,South Linden Land Use Plan (C2P2),2018-07-16T00:00:00.000Z,Commercial,Commercial,Yes,http://www.columbus.gov/planning/documentlibrary/,2018-09-28T13:21:33.000Z,,Complete Adoption
473,Tri-South Neighborhood Plan,2004-02-04T00:00:00.000Z,Retail Commercial,Commercial,No,http://www.columbus.gov/planning/documentlibrary/,2012-03-22T00:00:00.000Z,,
474,Tri-South Neighborhood Plan,2004-02-04T00:00:00.000Z,Shopping Center,Commercial,No,http://www.columbus.gov/planning/documentlibrary/,2012-03-22T00:00:00.000Z,,
475,Tri-South Neighborhood Plan,2004-02-04T00:00:00.000Z,Recreation Areas,Parks/Open Space,No,http://www.columbus.gov/planning/documentlibrary/,2012-03-22T00:00:00.000Z,,
476,Tri-South Neighborhood Plan,2004-02-04T00:00:00.000Z,Warehousing/Freight,Industrial,No,http://www.columbus.gov/planning/documentlibrary/,2012-03-22T00:00:00.000Z,,
4023,Far East Land Use Plan (C2P2),2018-07-16T00:00:00.000Z,Very Low Density Residential (<4 du/ac),Residential,Yes,http://www.columbus.gov/planning/documentlibrary/,2018-09-28T13:20:50.000Z,5,Complete Adoption
4024,South East Land Use Plan (C2P2),2018-07-16T00:00:00.000Z,Low Density Residential (4-6 du/ac),Residential,Yes,http://www.columbus.gov/planning/documentlibrary/,2018-10-04T16:35:37.000Z,1,Complete Adoption
4025,South Linden Land Use Plan (C2P2),2018-07-16T00:00:00.000Z,Mixed Use 1 (<24 du/ac),Mixed Use,Yes,http://www.columbus.gov/planning/documentlibrary/,2018-10-04T16:36:11.000Z,2,Complete Adoption
4026,South East Land Use Plan (C2P2),2018-07-16T00:00:00.000Z,Commercial,Commercial,Yes,http://www.columbus.gov/planning/documentlibrary/,2018-09-28T13:22:21.000Z,,Complete Adoption
4027,Far East Land Use Plan (C2P2),2018-07-16T00:00:00.000Z,Private Open Space,Parks/Open Space,Yes,http://www.columbus.gov/planning/documentlibrary/,2018-09-28T13:20:50.000Z,,Complete Adoption
477,South Alum Creek Neighborhood Plan,2004-11-08T00:00:00.000Z,Office and Retail Commercial,Commercial,Yes,http://www.columbus.gov/planning/documentlibrary/,2012-03-22T00:00:00.000Z,,
478,South Alum Creek Neighborhood Plan,2004-11-08T00:00:00.000Z,Multi-Family Residential,Residential,Yes,http://www.columbus.gov/planning/documentlibrary/,2012-03-22T00:00:00.000Z,,
479,South Alum Creek Neighborhood Plan,2004-11-08T00:00:00.000Z,Single-Family Residential,Residential,Yes,http://www.columbus.gov/planning/documentlibrary/,2012-03-22T00:00:00.000Z,,
480,South Alum Creek Neighborhood Plan,2004-11-08T00:00:00.000Z,Metropark,Parks/Open Space,Yes,http://www.columbus.gov/planning/documentlibrary/,2012-03-22T00:00:00.000Z,,
481,South Alum Creek Neighborhood Plan,2004-11-08T00:00:00.000Z,Rural Residential,Residential,Yes,http://www.columbus.gov/planning/documentlibrary/,2012-03-22T00:00:00.000Z,,
482,South Alum Creek Neighborhood Plan,2004-11-08T00:00:00.000Z,"Institutional, Office, and Warehouse",Employment Center,Yes,http://www.columbus.gov/planning/documentlibrary/,2012-03-22T00:00:00.000Z,,
532,North Central Plan,2002-05-06T00:00:00.000Z,Light Manufacturing,Industrial,Yes,http://www.columbus.gov/planning/documentlibrary/,2012-03-22T00:00:00.000Z,,
736,Port Columbus Joint Economic Development Strategy,2008-05-05T00:00:00.000Z,Office,Office,No,http://www.columbus.gov/planning/documentlibrary/,2012-03-22T00:00:00.000Z,,
738,Port Columbus Joint Economic Development Strategy,2008-05-05T00:00:00.000Z,Open Space,Parks/Open Space,No,http://www.columbus.gov/planning/documentlibrary/,2012-03-22T00:00:00.000Z,,
740,Port Columbus Joint Economic Development Strategy,2008-05-05T00:00:00.000Z,Utilities and Rail Roads,Other,No,http://www.columbus.gov/planning/documentlibrary/,2012-03-22T00:00:00.000Z,,
741,Port Columbus Joint Economic Development Strategy,2008-05-05T00:00:00.000Z,Airport,Other,No,http://www.columbus.gov/planning/documentlibrary/,2012-03-22T00:00:00.000Z,,
3365,The Northwest Plan,2016-12-05T00:00:00.000Z,Open Space,Parks/Open Space,Yes,http://www.columbus.gov/planning/documentlibrary/,2016-12-08T10:10:01.000Z,,
744,Near Southside Plan,2011-09-19T00:00:00.000Z,Commercial (Community),Commercial,Yes,http://www.columbus.gov/planning/documentlibrary/,2018-09-28T10:33:50.000Z,,Early Adoption
745,Near Southside Plan,2011-09-19T00:00:00.000Z,Commercial (Neighborhood),Commercial,Yes,http://www.columbus.gov/planning/documentlibrary/,2018-09-28T10:04:32.000Z,,Early Adoption
746,Near Southside Plan,2011-09-19T00:00:00.000Z,Employment Center,Employment Center,Yes,http://www.columbus.gov/planning/documentlibrary/,2018-09-28T10:04:32.000Z,,Early Adoption
747,Near Southside Plan,2011-09-19T00:00:00.000Z,Industrial (Light),Industrial,Yes,http://www.columbus.gov/planning/documentlibrary/,2018-09-28T10:04:32.000Z,,Early Adoption
748,Near Southside Plan,2011-09-19T00:00:00.000Z,Institutional,Institutional,Yes,http://www.columbus.gov/planning/documentlibrary/,2018-09-28T10:33:55.000Z,,Early Adoption
749,Near Southside Plan,2011-09-19T00:00:00.000Z,Medium-High Density Mixed Residential,Residential,Yes,http://www.columbus.gov/planning/documentlibrary/,2018-09-28T10:04:32.000Z,,Early Adoption
750,Near Southside Plan,2011-09-19T00:00:00.000Z,Medium Density Mixed Residential,Residential,Yes,http://www.columbus.gov/planning/documentlibrary/,2018-09-28T10:04:32.000Z,,Early Adoption
751,Near Southside Plan,2011-09-19T00:00:00.000Z,Mixed Use (Community),Mixed Use,Yes,http://www.columbus.gov/planning/documentlibrary/,2018-09-28T10:04:32.000Z,,Early Adoption
752,Near Southside Plan,2011-09-19T00:00:00.000Z,Mixed Use (Neighborhood),Mixed Use,Yes,http://www.columbus.gov/planning/documentlibrary/,2018-09-28T10:04:32.000Z,,Early Adoption
754,Near Southside Plan,2011-09-19T00:00:00.000Z,Parks,Parks/Open Space,Yes,http://www.columbus.gov/planning/documentlibrary/,2018-09-28T10:04:32.000Z,,Early Adoption
755,Near Southside Plan,2011-09-19T00:00:00.000Z,Utilities and Railroads,Other,Yes,http://www.columbus.gov/planning/documentlibrary/,2018-09-28T10:33:58.000Z,,Early Adoption
756,Near Southside Plan,2011-09-19T00:00:00.000Z,Vacant,Other,Yes,http://www.columbus.gov/planning/documentlibrary/,2018-09-28T10:33:52.000Z,,Early Adoption
757,Near Southside Plan,2011-09-19T00:00:00.000Z,Warehouse Flex,Industrial,Yes,http://www.columbus.gov/planning/documentlibrary/,2018-09-28T10:04:32.000Z,,Early Adoption
4028,South Linden Land Use Plan (C2P2),2018-07-16T00:00:00.000Z,Industrial and Warehouse,Industrial,Yes,http://www.columbus.gov/planning/documentlibrary/,2018-09-28T13:21:33.000Z,,Complete Adoption
4029,Far East Land Use Plan (C2P2),2018-07-16T00:00:00.000Z,Industrial and Warehouse,Industrial,Yes,http://www.columbus.gov/planning/documentlibrary/,2018-09-28T13:20:50.000Z,,Complete Adoption
4030,South Linden Land Use Plan (C2P2),2018-07-16T00:00:00.000Z,Institutional,Institutional,Yes,http://www.columbus.gov/planning/documentlibrary/,2018-09-28T13:21:33.000Z,3,Complete Adoption
4031,Far East Land Use Plan (C2P2),2018-07-16T00:00:00.000Z,Parking,Other,Yes,http://www.columbus.gov/planning/documentlibrary/,2018-09-28T13:20:50.000Z,,Complete Adoption
4032,Far East Land Use Plan (C2P2),2018-07-16T00:00:00.000Z,Parks and Recreation,Parks/Open Space,Yes,http://www.columbus.gov/planning/documentlibrary/,2018-09-28T13:20:50.000Z,,Complete Adoption
4033,South East Land Use Plan (C2P2),2018-07-16T00:00:00.000Z,Low–Medium Density Residential (6-10 du/ac),Residential,Yes,http://www.columbus.gov/planning/documentlibrary/,2018-10-04T16:35:28.000Z,1,Complete Adoption
4034,South Linden Land Use Plan (C2P2),2018-07-16T00:00:00.000Z,Private Open Space,Parks/Open Space,Yes,http://www.columbus.gov/planning/documentlibrary/,2018-09-28T13:21:33.000Z,4,Complete Adoption
3989,South Linden Land Use Plan (C2P2),2018-07-16T00:00:00.000Z,Private Open Space,Parks/Open Space,Yes,http://www.columbus.gov/planning/documentlibrary/,2018-09-28T13:21:33.000Z,3,Complete Adoption
3990,Far East Land Use Plan (C2P2),2018-07-16T00:00:00.000Z,Commercial,Commercial,Yes,http://www.columbus.gov/planning/documentlibrary/,2018-09-28T13:20:50.000Z,1,Complete Adoption
3992,Far East Land Use Plan (C2P2),2018-07-16T00:00:00.000Z,Medium Density Residential (10-16 du/ac),Residential,Yes,http://www.columbus.gov/planning/documentlibrary/,2018-09-28T13:20:50.000Z,,Complete Adoption
3993,Far East Land Use Plan (C2P2),2018-07-16T00:00:00.000Z,Employment Center,Employment Center,Yes,http://www.columbus.gov/planning/documentlibrary/,2018-09-28T13:20:50.000Z,4,Complete Adoption
3994,South East Land Use Plan (C2P2),2018-07-16T00:00:00.000Z,Parks and Recreation,Parks/Open Space,Yes,http://www.columbus.gov/planning/documentlibrary/,2018-09-28T13:22:21.000Z,,Complete Adoption
3995,Far East Land Use Plan (C2P2),2018-07-16T00:00:00.000Z,Medium–High Density Residential (16-24 du/ac),Residential,Yes,http://www.columbus.gov/planning/documentlibrary/,2018-09-28T13:20:50.000Z,,Complete Adoption
4001,South East Land Use Plan (C2P2),2018-07-16T00:00:00.000Z,Private Open Space,Parks/Open Space,Yes,http://www.columbus.gov/planning/documentlibrary/,2018-09-28T13:22:21.000Z,,Complete Adoption
4002,South Linden Land Use Plan (C2P2),2018-07-16T00:00:00.000Z,Utilities and Railroads,Other,Yes,http://www.columbus.gov/planning/documentlibrary/,2018-09-28T13:21:33.000Z,,Complete Adoption
4003,Far East Land Use Plan (C2P2),2018-07-16T00:00:00.000Z,Open Space,Parks/Open Space,Yes,http://www.columbus.gov/planning/documentlibrary/,2018-09-28T13:20:50.000Z,,Complete Adoption
4004,Far East Land Use Plan (C2P2),2018-07-16T00:00:00.000Z,Agriculture,Agriculture,Yes,http://www.columbus.gov/planning/documentlibrary/,2018-09-28T13:20:50.000Z,,Complete Adoption
4005,South East Land Use Plan (C2P2),2018-07-16T00:00:00.000Z,Mixed Use 1 (<24 du/ac),Mixed Use,Yes,http://www.columbus.gov/planning/documentlibrary/,2018-10-04T16:36:07.000Z,"1, 2",Complete Adoption
4006,Far East Land Use Plan (C2P2),2018-07-16T00:00:00.000Z,Low Density Residential (4-6 du/ac),Residential,Yes,http://www.columbus.gov/planning/documentlibrary/,2018-09-28T13:20:50.000Z,,Complete Adoption
4007,South East Land Use Plan (C2P2),2018-07-16T00:00:00.000Z,Very Low Density Residential (<4 du/ac),Residential,Yes,http://www.columbus.gov/planning/documentlibrary/,2018-10-04T16:36:43.000Z,,Complete Adoption
4008,South Linden Land Use Plan (C2P2),2018-07-16T00:00:00.000Z,Low–Medium Density Residential (6-10 du/ac),Residential,Yes,http://www.columbus.gov/planning/documentlibrary/,2018-10-04T16:35:25.000Z,,Complete Adoption
504,Hamilton Road Corridor Revitalization Plan,2008-05-05T00:00:00.000Z,Conservation,Parks/Open Space,Yes,http://www.columbus.gov/planning/documentlibrary/,2018-09-28T09:57:34.000Z,,Early Adoption
505,Hamilton Road Corridor Revitalization Plan,2008-05-05T00:00:00.000Z,Office/Research,Employment Center,Yes,http://www.columbus.gov/planning/documentlibrary/,2018-09-28T09:57:34.000Z,,Early Adoption
506,Hamilton Road Corridor Revitalization Plan,2008-05-05T00:00:00.000Z,Hospitality/Attraction,Commercial,Yes,http://www.columbus.gov/planning/documentlibrary/,2018-09-28T09:57:34.000Z,,Early Adoption
507,Hamilton Road Corridor Revitalization Plan,2008-05-05T00:00:00.000Z,Single Family/Two Family Residential,Residential,Yes,http://www.columbus.gov/planning/documentlibrary/,2018-09-28T09:57:34.000Z,,Early Adoption
508,Hamilton Road Corridor Revitalization Plan,2008-05-05T00:00:00.000Z,Mixed Use,Mixed Use,Yes,http://www.columbus.gov/planning/documentlibrary/,2018-09-28T09:57:34.000Z,,Early Adoption
509,Hamilton Road Corridor Revitalization Plan,2008-05-05T00:00:00.000Z,Industrial/Warehouse,Industrial,Yes,http://www.columbus.gov/planning/documentlibrary/,2018-09-28T09:57:34.000Z,,Early Adoption
510,Hamilton Road Corridor Revitalization Plan,2008-05-05T00:00:00.000Z,Commercial/Personal Business Services,Commercial,Yes,http://www.columbus.gov/planning/documentlibrary/,2018-09-28T09:57:34.000Z,,Early Adoption
511,Hamilton Road Corridor Revitalization Plan,2008-05-05T00:00:00.000Z,Institution,Institutional,Yes,http://www.columbus.gov/planning/documentlibrary/,2018-09-28T09:57:34.000Z,,Early Adoption
512,Hamilton Road Corridor Revitalization Plan,2008-05-05T00:00:00.000Z,Parks,Parks/Open Space,Yes,http://www.columbus.gov/planning/documentlibrary/,2018-09-28T09:57:34.000Z,,Early Adoption
533,North Central Plan,2002-05-06T00:00:00.000Z,Cemetery,Parks/Open Space,Yes,http://www.columbus.gov/planning/documentlibrary/,2012-03-22T00:00:00.000Z,,
534,North Central Plan,2002-05-06T00:00:00.000Z,Parkland,Parks/Open Space,Yes,http://www.columbus.gov/planning/documentlibrary/,2012-03-22T00:00:00.000Z,,
535,North Central Plan,2002-05-06T00:00:00.000Z,Office/Light Manufacturing,Employment Center,Yes,http://www.columbus.gov/planning/documentlibrary/,2012-03-22T00:00:00.000Z,,
536,North Central Plan,2002-05-06T00:00:00.000Z,Neighborhood Commercial Services,Commercial,Yes,http://www.columbus.gov/planning/documentlibrary/,2012-03-22T00:00:00.000Z,,
537,North Central Plan,2002-05-06T00:00:00.000Z,Public/Institutional,Institutional,Yes,http://www.columbus.gov/planning/documentlibrary/,2012-03-22T00:00:00.000Z,,
538,North Central Plan,2002-05-06T00:00:00.000Z,Open Space,Parks/Open Space,Yes,http://www.columbus.gov/planning/documentlibrary/,2012-03-22T00:00:00.000Z,,
539,Trabue/Roberts Area Plan,2011-02-28T00:00:00.000Z,Commercial (Community),Commercial,Yes,http://www.columbus.gov/planning/documentlibrary/,2012-03-22T00:00:00.000Z,,
483,South Alum Creek Neighborhood Plan,2004-11-08T00:00:00.000Z,Manufacturing and Industrial,Industrial,Yes,http://www.columbus.gov/planning/documentlibrary/,2012-03-22T00:00:00.000Z,,
484,South Alum Creek Neighborhood Plan,2004-11-08T00:00:00.000Z,Institutional,Institutional,Yes,http://www.columbus.gov/planning/documentlibrary/,2012-03-22T00:00:00.000Z,,
485,South Alum Creek Neighborhood Plan,2004-11-08T00:00:00.000Z,Landfill,Other,Yes,http://www.columbus.gov/planning/documentlibrary/,2012-03-22T00:00:00.000Z,,
486,South Alum Creek Neighborhood Plan,2004-11-08T00:00:00.000Z,Cemetery,Parks/Open Space,Yes,http://www.columbus.gov/planning/documentlibrary/,2012-03-22T00:00:00.000Z,,
1774,McKinley Avenue Corridor Plan,2002-09-04T00:00:00.000Z,No adopted land use plan in place,Please refer to plan document,No,http://www.columbus.gov/planning/documentlibrary/,2018-10-05T09:38:48.000Z,,
1749,South Side Plan,2014-06-09T00:00:00.000Z,Neighborhood Commercial,Commercial,Yes,http://www.columbus.gov/planning/documentlibrary/,2018-08-24T10:54:10.000Z,,Early Adoption
1750,North Linden Neighborhood Plan Amendment,2014-06-09T00:00:00.000Z,Institutional,Institutional,YES,http://www.columbus.gov/planning/documentlibrary/,2018-08-24T10:48:40.000Z,,Early Adoption
493,Livingston East Area Plan,2009-09-21T00:00:00.000Z,Residential (Single-Family),Residential,Yes,http://www.columbus.gov/planning/documentlibrary/,2018-09-28T09:57:09.000Z,,Early Adoption
494,Livingston East Area Plan,2009-09-21T00:00:00.000Z,Commercial (Community),Commercial,Yes,http://www.columbus.gov/planning/documentlibrary/,2018-09-28T09:57:09.000Z,,Early Adoption
496,Livingston East Area Plan,2009-09-21T00:00:00.000Z,Institutional,Institutional,Yes,http://www.columbus.gov/planning/documentlibrary/,2018-09-28T09:57:09.000Z,,Early Adoption
497,Livingston East Area Plan,2009-09-21T00:00:00.000Z,Light Manufacturing,Industrial,Yes,http://www.columbus.gov/planning/documentlibrary/,2018-09-28T09:57:09.000Z,,Early Adoption
498,Livingston East Area Plan,2009-09-21T00:00:00.000Z,Mixed Use,Mixed Use,Yes,http://www.columbus.gov/planning/documentlibrary/,2018-09-28T09:57:09.000Z,,Early Adoption
499,Livingston East Area Plan,2009-09-21T00:00:00.000Z,Office,Office,Yes,http://www.columbus.gov/planning/documentlibrary/,2018-09-28T09:57:09.000Z,,Early Adoption
4309,C2P2 Early Adoption,2018-07-16T00:00:00.000Z,No adopted land use plan in place,Please refer to plan document,Yes,http://www.columbus.gov/planning/documentlibrary/,2018-09-28T09:52:45.000Z,,Early Adoption
4310,C2P2 Early Adoption,2018-07-16T00:00:00.000Z,No adopted land use plan in place,Please refer to plan document,Yes,http://www.columbus.gov/planning/documentlibrary/,2018-09-28T09:52:45.000Z,,Early Adoption
4311,C2P2 Early Adoption,2018-07-16T00:00:00.000Z,No adopted land use plan in place,Please refer to plan document,Yes,http://www.columbus.gov/planning/documentlibrary/,2018-09-28T09:52:45.000Z,,Early Adoption
500,Livingston East Area Plan,2009-09-21T00:00:00.000Z,Open Space,Parks/Open Space,Yes,http://www.columbus.gov/planning/documentlibrary/,2018-09-28T09:57:09.000Z,,Early Adoption
501,Livingston East Area Plan,2009-09-21T00:00:00.000Z,Parks,Parks/Open Space,Yes,http://www.columbus.gov/planning/documentlibrary/,2018-09-28T09:57:09.000Z,,Early Adoption
502,Livingston East Area Plan,2009-09-21T00:00:00.000Z,Residential (Two- and Three-Family),Residential,Yes,http://www.columbus.gov/planning/documentlibrary/,2018-09-28T09:57:09.000Z,,Early Adoption
503,Livingston East Area Plan,2009-09-21T00:00:00.000Z,Residential (Multifamily),Residential,Yes,http://www.columbus.gov/planning/documentlibrary/,2018-09-28T09:57:09.000Z,,Early Adoption
4312,C2P2 Early Adoption,2018-07-16T00:00:00.000Z,No adopted land use plan in place,Please refer to plan document,Yes,http://www.columbus.gov/planning/documentlibrary/,2018-09-28T09:52:45.000Z,,Early Adoption
4313,C2P2 Early Adoption,2018-07-16T00:00:00.000Z,No adopted land use plan in place,Please refer to plan document,Yes,http://www.columbus.gov/planning/documentlibrary/,2018-09-28T09:52:45.000Z,,Early Adoption
4314,C2P2 Early Adoption,2018-07-16T00:00:00.000Z,No adopted land use plan in place,Please refer to plan document,Yes,http://www.columbus.gov/planning/documentlibrary/,2018-09-28T09:52:45.000Z,,Early Adoption
4315,C2P2 Early Adoption,2018-07-16T00:00:00.000Z,No adopted land use plan in place,Please refer to plan document,Yes,http://www.columbus.gov/planning/documentlibrary/,2018-09-28T09:52:45.000Z,,Early Adoption
4316,C2P2 Early Adoption,2018-07-16T00:00:00.000Z,No adopted land use plan in place,Please refer to plan document,Yes,http://www.columbus.gov/planning/documentlibrary/,2018-09-28T09:52:45.000Z,,Early Adoption
4317,C2P2 Early Adoption,2018-07-16T00:00:00.000Z,No adopted land use plan in place,Please refer to plan document,Yes,http://www.columbus.gov/planning/documentlibrary/,2018-09-28T09:52:45.000Z,,Early Adoption
463,South Central Accord,1997-07-21T00:00:00.000Z,Agricultural/Open Space,Agriculture,Yes,http://www.columbus.gov/planning/documentlibrary/,2012-03-22T00:00:00.000Z,,
464,South Central Accord,1997-07-21T00:00:00.000Z,Public/Semi-Public,Institutional,Yes,http://www.columbus.gov/planning/documentlibrary/,2012-03-22T00:00:00.000Z,,
465,South Central Accord,1997-07-21T00:00:00.000Z,Greenway,Parks/Open Space,Yes,http://www.columbus.gov/planning/documentlibrary/,2012-03-22T00:00:00.000Z,,
466,South Central Accord,1997-07-21T00:00:00.000Z,Water,Other,Yes,http://www.columbus.gov/planning/documentlibrary/,2012-03-22T00:00:00.000Z,,
467,Tri-South Neighborhood Plan,2004-02-04T00:00:00.000Z,Single-Family Residential,Residential,No,http://www.columbus.gov/planning/documentlibrary/,2012-03-22T00:00:00.000Z,,
469,Tri-South Neighborhood Plan,2004-02-04T00:00:00.000Z,Office Commercial,Commercial,No,http://www.columbus.gov/planning/documentlibrary/,2012-03-22T00:00:00.000Z,,
470,Tri-South Neighborhood Plan,2004-02-04T00:00:00.000Z,Mixed Use,Mixed Use,No,http://www.columbus.gov/planning/documentlibrary/,2012-03-22T00:00:00.000Z,,
471,Tri-South Neighborhood Plan,2004-02-04T00:00:00.000Z,Institutional,Institutional,No,http://www.columbus.gov/planning/documentlibrary/,2012-03-22T00:00:00.000Z,,
472,Tri-South Neighborhood Plan,2004-02-04T00:00:00.000Z,Redevelopment Priorities,Other,No,http://www.columbus.gov/planning/documentlibrary/,2012-03-22T00:00:00.000Z,,
417,Southwest Area Plan,2009-03-02T00:00:00.000Z,Office,Office,Yes,http://www.columbus.gov/planning/documentlibrary/,2018-08-24T10:46:57.000Z,,Early Adoption
547,Trabue/Roberts Area Plan,2011-02-28T00:00:00.000Z,Medium Density Mixed Residential,Residential,Yes,http://www.columbus.gov/planning/documentlibrary/,2012-03-22T00:00:00.000Z,,
610,Milo-Grogan Neighborhood Plan,2007-04-09T00:00:00.000Z,Commercial/Multi-Family,Mixed Use,No,http://www.columbus.gov/planning/documentlibrary/,2018-08-24T10:49:19.000Z,,Early Adoption
618,Rocky Fork - Blacklick Accord,2003-12-15T00:00:00.000Z,Rural Residential,Residential,Yes,http://www.columbus.gov/planning/documentlibrary/,2012-03-22T00:00:00.000Z,,
626,Rocky Fork - Blacklick Accord,2003-12-15T00:00:00.000Z,Park/Open Space,Parks/Open Space,Yes,http://www.columbus.gov/planning/documentlibrary/,2012-03-22T00:00:00.000Z,,
636,Big Darby Accord Watershed Master Plan,2006-07-31T00:00:00.000Z,EC Protected,Parks/Open Space,Yes,http://www.columbus.gov/planning/documentlibrary/,2012-03-22T00:00:00.000Z,,
4010,Far East Land Use Plan (C2P2),2018-07-16T00:00:00.000Z,Office,Office,Yes,http://www.columbus.gov/planning/documentlibrary/,2018-09-28T13:20:50.000Z,,Complete Adoption
739,Port Columbus Joint Economic Development Strategy,2008-05-05T00:00:00.000Z,Residential,Residential,No,http://www.columbus.gov/planning/documentlibrary/,2012-03-22T00:00:00.000Z,,
753,Near Southside Plan,2011-09-19T00:00:00.000Z,Open Space,Parks/Open Space,Yes,http://www.columbus.gov/planning/documentlibrary/,2018-09-28T10:04:32.000Z,,Early Adoption
4011,Far East Land Use Plan (C2P2),2018-07-16T00:00:00.000Z,Mixed Use 1 (<24 du/ac),Mixed Use,Yes,http://www.columbus.gov/planning/documentlibrary/,2018-09-28T13:20:50.000Z,1,Complete Adoption
468,Tri-South Neighborhood Plan,2004-02-04T00:00:00.000Z,Light Industrial,Industrial,No,http://www.columbus.gov/planning/documentlibrary/,2012-03-22T00:00:00.000Z,,
773,East Columbus Neighborhood Plan,2012-04-23T00:00:00.000Z,Neighborhood Mixed Use,Mixed Use,Yes,http://www.columbus.gov/planning/documentlibrary/,2012-05-09T00:00:00.000Z,,
513,Hamilton Road Corridor Revitalization Plan,2008-05-05T00:00:00.000Z,Multi-Family Residential,Residential,Yes,http://www.columbus.gov/planning/documentlibrary/,2018-09-28T09:57:34.000Z,,Early Adoption
514,Northeast Area Plan,2007-07-16T00:00:00.000Z,Mixed Use-Regional Retail/Office/Light Industrial,Mixed Use,Yes,http://www.columbus.gov/planning/documentlibrary/,2012-03-22T00:00:00.000Z,,
515,Northeast Area Plan,2007-07-16T00:00:00.000Z,Open Space,Parks/Open Space,Yes,http://www.columbus.gov/planning/documentlibrary/,2012-03-22T00:00:00.000Z,,
516,Northeast Area Plan,2007-07-16T00:00:00.000Z,Parks,Parks/Open Space,Yes,http://www.columbus.gov/planning/documentlibrary/,2012-03-22T00:00:00.000Z,,
517,Northeast Area Plan,2007-07-16T00:00:00.000Z,Neighborhood Commercial,Commercial,Yes,http://www.columbus.gov/planning/documentlibrary/,2012-03-22T00:00:00.000Z,,
518,Northeast Area Plan,2007-07-16T00:00:00.000Z,Airport Related,Institutional,Yes,http://www.columbus.gov/planning/documentlibrary/,2012-03-22T00:00:00.000Z,,
519,Northeast Area Plan,2007-07-16T00:00:00.000Z,Low Density Residential,Residential,Yes,http://www.columbus.gov/planning/documentlibrary/,2012-03-22T00:00:00.000Z,,
520,Northeast Area Plan,2007-07-16T00:00:00.000Z,Mixed Use Neighborhood Center,Mixed Use,Yes,http://www.columbus.gov/planning/documentlibrary/,2012-03-22T00:00:00.000Z,,
521,Northeast Area Plan,2007-07-16T00:00:00.000Z,Office,Office,Yes,http://www.columbus.gov/planning/documentlibrary/,2012-03-22T00:00:00.000Z,,
522,Northeast Area Plan,2007-07-16T00:00:00.000Z,Institutional,Institutional,Yes,http://www.columbus.gov/planning/documentlibrary/,2012-03-22T00:00:00.000Z,,
523,Northeast Area Plan,2007-07-16T00:00:00.000Z,Office-Light Industrial,Employment Center,Yes,http://www.columbus.gov/planning/documentlibrary/,2012-03-22T00:00:00.000Z,,
524,Northeast Area Plan,2007-07-16T00:00:00.000Z,High Density Residential,Residential,Yes,http://www.columbus.gov/planning/documentlibrary/,2012-03-22T00:00:00.000Z,,
525,Northeast Area Plan,2007-07-16T00:00:00.000Z,Medium Density Residential,Residential,Yes,http://www.columbus.gov/planning/documentlibrary/,2012-03-22T00:00:00.000Z,,
526,Northeast Area Plan,2007-07-16T00:00:00.000Z,Very Low Density Residential,Residential,Yes,http://www.columbus.gov/planning/documentlibrary/,2012-03-22T00:00:00.000Z,,
527,Northeast Area Plan,2007-07-16T00:00:00.000Z,Office-Commercial-Light Industrial,Employment Center,Yes,http://www.columbus.gov/planning/documentlibrary/,2012-03-22T00:00:00.000Z,,
528,Northeast Area Plan,2007-07-16T00:00:00.000Z,Open Space/Stream Buffer,Parks/Open Space,Yes,http://www.columbus.gov/planning/documentlibrary/,2012-03-22T00:00:00.000Z,,
529,North Central Plan,2002-05-06T00:00:00.000Z,Multi-Family Residential,Residential,Yes,http://www.columbus.gov/planning/documentlibrary/,2012-03-22T00:00:00.000Z,,
530,North Central Plan,2002-05-06T00:00:00.000Z,Single-Family Residential,Residential,Yes,http://www.columbus.gov/planning/documentlibrary/,2012-03-22T00:00:00.000Z,,
531,North Central Plan,2002-05-06T00:00:00.000Z,School,Institutional,Yes,http://www.columbus.gov/planning/documentlibrary/,2012-03-22T00:00:00.000Z,,
774,East Columbus Neighborhood Plan,2012-04-23T00:00:00.000Z,Low Density Residential,Residential,Yes,http://www.columbus.gov/planning/documentlibrary/,2012-05-09T00:00:00.000Z,,
775,East Columbus Neighborhood Plan,2012-04-23T00:00:00.000Z,Very Low Density Residential,Residential,Yes,http://www.columbus.gov/planning/documentlibrary/,2012-05-09T00:00:00.000Z,,
776,East Columbus Neighborhood Plan,2012-04-23T00:00:00.000Z,Institutional,Institutional,Yes,http://www.columbus.gov/planning/documentlibrary/,2012-05-09T00:00:00.000Z,,
777,East Columbus Neighborhood Plan,2012-04-23T00:00:00.000Z,Light Industrial,Industrial,Yes,http://www.columbus.gov/planning/documentlibrary/,2012-05-09T00:00:00.000Z,,
778,East Columbus Neighborhood Plan,2012-04-23T00:00:00.000Z,Medium Density Mixed Residential,Residential,Yes,http://www.columbus.gov/planning/documentlibrary/,2012-05-09T00:00:00.000Z,,
779,East Columbus Neighborhood Plan,2012-04-23T00:00:00.000Z,Parks,Parks/Open Space,Yes,http://www.columbus.gov/planning/documentlibrary/,2012-05-09T00:00:00.000Z,,
780,East Columbus Neighborhood Plan,2012-04-23T00:00:00.000Z,Medium-High Density Mixed Residential,Residential,Yes,http://www.columbus.gov/planning/documentlibrary/,2012-05-09T00:00:00.000Z,,
1116,Olentangy West Area Plan,2013-09-23T00:00:00.000Z,Utilities and Railroads,Other,Yes,http://www.columbus.gov/planning/documentlibrary/,2013-10-16T00:00:00.000Z,,
1117,Olentangy West Area Plan,2013-09-23T00:00:00.000Z,Office,Office,Yes,http://www.columbus.gov/planning/documentlibrary/,2013-10-16T00:00:00.000Z,,
1118,Olentangy West Area Plan,2013-09-23T00:00:00.000Z,Open Space (Includes Cemetery),Parks/Open Space,Yes,http://www.columbus.gov/planning/documentlibrary/,2013-10-16T00:00:00.000Z,,
1121,Olentangy West Area Plan,2013-09-23T00:00:00.000Z,Parks and Recreation,Parks/Open Space,Yes,http://www.columbus.gov/planning/documentlibrary/,2013-10-16T00:00:00.000Z,,
3997,South Linden Land Use Plan (C2P2),2018-07-16T00:00:00.000Z,Open Space,Parks/Open Space,Yes,http://www.columbus.gov/planning/documentlibrary/,2018-09-28T13:21:33.000Z,,Complete Adoption
791,East Franklinton Creative Community District Plan,2012-11-12T00:00:00.000Z,Urban Mixed Use,Mixed Use,Yes,http://www.columbus.gov/planning/documentlibrary/,2013-04-18T00:00:00.000Z,,
3998,South Linden Land Use Plan (C2P2),2018-07-16T00:00:00.000Z,Mixed Use 3 (>45 du/ac),Mixed Use,Yes,http://www.columbus.gov/planning/documentlibrary/,2018-10-04T16:36:28.000Z,2,Complete Adoption
794,East Franklinton Creative Community District Plan,2012-11-12T00:00:00.000Z,Medium Density Mixed Residential,Residential,Yes,http://www.columbus.gov/planning/documentlibrary/,2013-04-18T00:00:00.000Z,,
795,East Franklinton Creative Community District Plan,2012-11-12T00:00:00.000Z,Neighborhood Mixed Use,Mixed Use,Yes,http://www.columbus.gov/planning/documentlibrary/,2013-04-18T00:00:00.000Z,,
4009,Far East Land Use Plan (C2P2),2018-07-16T00:00:00.000Z,High Density Residential (24-45 du/ac),Residential,Yes,http://www.columbus.gov/planning/documentlibrary/,2018-09-28T13:20:50.000Z,,Complete Adoption
797,East Franklinton Creative Community District Plan,2012-11-12T00:00:00.000Z,Parks and Recreation,Parks/Open Space,Yes,http://www.columbus.gov/planning/documentlibrary/,2013-04-18T00:00:00.000Z,,
1122,Olentangy West Area Plan,2013-09-23T00:00:00.000Z,Employment Center,Employment Center,Yes,http://www.columbus.gov/planning/documentlibrary/,2013-10-16T00:00:00.000Z,,
1443,Northland I Area Plan,2014-02-03T00:00:00.000Z,Medium Density Mixed Residential,Residential,Yes,http://www.columbus.gov/planning/documentlibrary/,2014-02-13T00:00:00.000Z,,
1444,Northland I Area Plan,2014-02-03T00:00:00.000Z,Commercial (Regional),Commercial,Yes,http://www.columbus.gov/planning/documentlibrary/,2014-02-13T00:00:00.000Z,,
1445,Northland I Area Plan,2014-02-03T00:00:00.000Z,Parks and Recreation,Parks/Open Space,Yes,http://www.columbus.gov/planning/documentlibrary/,2014-02-13T00:00:00.000Z,,
781,East Columbus Neighborhood Plan,2012-04-23T00:00:00.000Z,Low-Medium Density Residential,Residential,Yes,http://www.columbus.gov/planning/documentlibrary/,2012-05-09T00:00:00.000Z,,
1109,Olentangy West Area Plan,2013-09-23T00:00:00.000Z,Mixed Use (Community),Mixed Use,Yes,http://www.columbus.gov/planning/documentlibrary/,2013-10-16T00:00:00.000Z,,
1111,Olentangy West Area Plan,2013-09-23T00:00:00.000Z,Medium-High Density Mixed Residential,Residential,Yes,http://www.columbus.gov/planning/documentlibrary/,2013-10-16T00:00:00.000Z,,
1112,Olentangy West Area Plan,2013-09-23T00:00:00.000Z,Mixed Use (Regional),Mixed Use,Yes,http://www.columbus.gov/planning/documentlibrary/,2013-10-16T00:00:00.000Z,,
1113,Olentangy West Area Plan,2013-09-23T00:00:00.000Z,Warehouse Flex,Industrial,Yes,http://www.columbus.gov/planning/documentlibrary/,2013-10-16T00:00:00.000Z,,
1114,Olentangy West Area Plan,2013-09-23T00:00:00.000Z,High Density Residential,Residential,Yes,http://www.columbus.gov/planning/documentlibrary/,2013-10-16T00:00:00.000Z,,
1115,Olentangy West Area Plan,2013-09-23T00:00:00.000Z,Commercial (Community),Commercial,Yes,http://www.columbus.gov/planning/documentlibrary/,2013-10-16T00:00:00.000Z,,
1752,North Linden Neighborhood Plan Amendment,2014-06-09T00:00:00.000Z,Light Industrial,Industrial,YES,http://www.columbus.gov/planning/documentlibrary/,2018-08-24T10:48:40.000Z,,Early Adoption
1753,North Linden Neighborhood Plan Amendment,2014-06-09T00:00:00.000Z,Medium-High Density Mixed Residential,Residential,YES,http://www.columbus.gov/planning/documentlibrary/,2018-08-24T10:48:40.000Z,,Early Adoption
1754,South Side Plan,2014-06-09T00:00:00.000Z,Quarry,Other,Yes,http://www.columbus.gov/planning/documentlibrary/,2018-08-24T10:54:10.000Z,,Early Adoption
1755,South Side Plan,2014-06-09T00:00:00.000Z,Stream Buffer/Greenway,Parks/Open Space,Yes,http://www.columbus.gov/planning/documentlibrary/,2018-08-24T10:54:10.000Z,,Early Adoption
1756,North Linden Neighborhood Plan Amendment,2014-06-09T00:00:00.000Z,High Density Residential,Residential,YES,http://www.columbus.gov/planning/documentlibrary/,2018-08-24T10:48:40.000Z,,Early Adoption
1757,South Side Plan,2014-06-09T00:00:00.000Z,Neighborhood Mixed Use,Mixed Use,Yes,http://www.columbus.gov/planning/documentlibrary/,2018-08-24T10:54:10.000Z,,Early Adoption
1758,North Linden Neighborhood Plan Amendment,2014-06-09T00:00:00.000Z,Community Commercial,Commercial,YES,http://www.columbus.gov/planning/documentlibrary/,2018-08-24T10:48:40.000Z,,Early Adoption
1759,South Side Plan,2014-06-09T00:00:00.000Z,Institutional,Institutional,Yes,http://www.columbus.gov/planning/documentlibrary/,2018-08-24T10:54:10.000Z,,Early Adoption
1760,South Side Plan,2014-06-09T00:00:00.000Z,Parks and Open Space,Parks/Open Space,Yes,http://www.columbus.gov/planning/documentlibrary/,2018-08-24T10:54:10.000Z,,Early Adoption
1761,South Side Plan,2014-06-09T00:00:00.000Z,High Density Residential,Residential,Yes,http://www.columbus.gov/planning/documentlibrary/,2018-08-24T10:54:10.000Z,,Early Adoption
1762,South Side Plan,2014-06-09T00:00:00.000Z,Utilities and Railroads,Other,Yes,http://www.columbus.gov/planning/documentlibrary/,2018-08-24T10:54:10.000Z,,Early Adoption
1763,North Linden Neighborhood Plan Amendment,2014-06-09T00:00:00.000Z,Employment Center,Employment Center,YES,http://www.columbus.gov/planning/documentlibrary/,2018-08-24T10:48:40.000Z,,Early Adoption
1764,South Side Plan,2014-06-09T00:00:00.000Z,Low-Medium Density Residential,Residential,Yes,http://www.columbus.gov/planning/documentlibrary/,2018-08-24T10:54:10.000Z,,Early Adoption
1766,North Linden Neighborhood Plan Amendment,2014-06-09T00:00:00.000Z,Community Mixed Use,Mixed Use,YES,http://www.columbus.gov/planning/documentlibrary/,2018-08-24T10:48:40.000Z,,Early Adoption
1767,South Side Plan,2014-06-09T00:00:00.000Z,Medium Density Residential,Residential,Yes,http://www.columbus.gov/planning/documentlibrary/,2018-08-24T10:54:10.000Z,,Early Adoption
1768,North Linden Neighborhood Plan Amendment,2014-06-09T00:00:00.000Z,Low-Medium Density Residential,Residential,YES,http://www.columbus.gov/planning/documentlibrary/,2018-08-24T10:48:40.000Z,,Early Adoption
1769,North Linden Neighborhood Plan Amendment,2014-06-09T00:00:00.000Z,Parks and Recreation,Parks/Open Space,YES,http://www.columbus.gov/planning/documentlibrary/,2018-08-24T10:48:40.000Z,,Early Adoption
1770,North Linden Neighborhood Plan Amendment,2014-06-09T00:00:00.000Z,Medium Density Mixed Residential,Residential,YES,http://www.columbus.gov/planning/documentlibrary/,2018-08-24T10:48:40.000Z,,Early Adoption
1771,South Side Plan,2014-06-09T00:00:00.000Z,Community Commercial,Commercial,Yes,http://www.columbus.gov/planning/documentlibrary/,2018-08-24T10:54:10.000Z,,Early Adoption
1772,South Side Plan,2014-06-09T00:00:00.000Z,Medium-High Density Residential,Residential,Yes,http://www.columbus.gov/planning/documentlibrary/,2018-08-24T10:54:10.000Z,,Early Adoption
1773,North Linden Neighborhood Plan Amendment,2014-06-09T00:00:00.000Z,Office,Office,YES,http://www.columbus.gov/planning/documentlibrary/,2018-08-24T10:48:40.000Z,,Early Adoption
3033,Westland Area Plan,1994-02-14T00:00:00.000Z,Village Center,Mixed Use,No,http://www.columbus.gov/planning/documentlibrary/,2018-08-24T10:46:02.000Z,,Early Adoption
1776,Far North Area Plan,2014-09-15T00:00:00.000Z,Warehouse Flex,Industrial,Yes,http://www.columbus.gov/planning/documentlibrary/,2014-09-30T00:00:00.000Z,,
1777,Far North Area Plan,2014-09-15T00:00:00.000Z,Employment Center,Employment Center,Yes,http://www.columbus.gov/planning/documentlibrary/,2014-09-30T00:00:00.000Z,,
1778,Far North Area Plan,2014-09-15T00:00:00.000Z,Office,Office,Yes,http://www.columbus.gov/planning/documentlibrary/,2014-09-30T00:00:00.000Z,,
1779,Far North Area Plan,2014-09-15T00:00:00.000Z,Low–Medium Density Residential,Residential,Yes,http://www.columbus.gov/planning/documentlibrary/,2014-09-30T00:00:00.000Z,,
1780,Far North Area Plan,2014-09-15T00:00:00.000Z,Low Density Residential,Residential,Yes,http://www.columbus.gov/planning/documentlibrary/,2014-09-30T00:00:00.000Z,,
2069,Far North Area Plan,2014-09-15T00:00:00.000Z,Commercial (Community),Commercial,Yes,http://www.columbus.gov/planning/documentlibrary/,2014-09-30T00:00:00.000Z,,
2070,Far North Area Plan,2014-09-15T00:00:00.000Z,Medium Density Residential,Residential,Yes,http://www.columbus.gov/planning/documentlibrary/,2014-09-30T00:00:00.000Z,,
2071,Far North Area Plan,2014-09-15T00:00:00.000Z,Mixed Use (Regional),Mixed Use,Yes,http://www.columbus.gov/planning/documentlibrary/,2014-09-30T00:00:00.000Z,,
2072,Far North Area Plan,2014-09-15T00:00:00.000Z,Medium–High Density Residential,Residential,Yes,http://www.columbus.gov/planning/documentlibrary/,2014-09-30T00:00:00.000Z,,
2073,Far North Area Plan,2014-09-15T00:00:00.000Z,Commercial (Regional),Commercial,Yes,http://www.columbus.gov/planning/documentlibrary/,2014-09-30T00:00:00.000Z,,
2074,Far North Area Plan,2014-09-15T00:00:00.000Z,Very Low Density Residential,Residential,Yes,http://www.columbus.gov/planning/documentlibrary/,2014-09-30T00:00:00.000Z,,
2075,Far North Area Plan,2014-09-15T00:00:00.000Z,Institutional,Institutional,Yes,http://www.columbus.gov/planning/documentlibrary/,2014-09-30T00:00:00.000Z,,
2077,Far North Area Plan,2014-09-15T00:00:00.000Z,Mixed Use (Community),Mixed Use,Yes,http://www.columbus.gov/planning/documentlibrary/,2014-09-30T00:00:00.000Z,,
2078,Far North Area Plan,2014-09-15T00:00:00.000Z,Parks & Open Space,Parks/Open Space,Yes,http://www.columbus.gov/planning/documentlibrary/,2014-09-30T00:00:00.000Z,,
1765,North Linden Neighborhood Plan Amendment,2014-06-09T00:00:00.000Z,Neighborhood Mixed Use,Mixed Use,YES,http://www.columbus.gov/planning/documentlibrary/,2018-08-24T10:48:40.000Z,,Early Adoption
3999,South Linden Land Use Plan (C2P2),2018-07-16T00:00:00.000Z,Agriculture,Agriculture,Yes,http://www.columbus.gov/planning/documentlibrary/,2018-09-28T13:21:33.000Z,"1,2",Complete Adoption
4000,South East Land Use Plan (C2P2),2018-07-16T00:00:00.000Z,Industrial and Warehouse,Industrial,Yes,http://www.columbus.gov/planning/documentlibrary/,2018-09-28T13:22:21.000Z,,Complete Adoption
3029,Westland Area Plan,1994-02-14T00:00:00.000Z,Office,Office,No,http://www.columbus.gov/planning/documentlibrary/,2018-08-24T10:46:02.000Z,,Early Adoption
3030,Westland Area Plan,1994-02-14T00:00:00.000Z,Commercial,Commercial,No,http://www.columbus.gov/planning/documentlibrary/,2018-08-24T10:46:02.000Z,,Early Adoption
3031,Westland Area Plan,1994-02-14T00:00:00.000Z,Low Density Residential 1-2 Units Per Acre,Residential,No,http://www.columbus.gov/planning/documentlibrary/,2018-08-24T10:46:02.000Z,,Early Adoption
3032,Westland Area Plan,1994-02-14T00:00:00.000Z,Open Space/Park/Buffer,Parks/Open Space,No,http://www.columbus.gov/planning/documentlibrary/,2018-08-24T10:46:02.000Z,,Early Adoption
2389,West Franklinton Plan,2014-12-08T00:00:00.000Z,High Density Residential,Residential,Yes,http://www.columbus.gov/planning/documentlibrary/,2018-08-24T10:53:10.000Z,,Early Adoption
2390,West Franklinton Plan,2014-12-08T00:00:00.000Z,Community Commercial,Commercial,Yes,http://www.columbus.gov/planning/documentlibrary/,2018-08-24T10:53:10.000Z,,Early Adoption
2391,West Franklinton Plan,2014-12-08T00:00:00.000Z,Regional Mixed Use,Mixed Use,Yes,http://www.columbus.gov/planning/documentlibrary/,2018-08-24T10:53:10.000Z,,Early Adoption
2392,West Franklinton Plan,2014-12-08T00:00:00.000Z,Railroad,Other,Yes,http://www.columbus.gov/planning/documentlibrary/,2018-08-24T10:53:10.000Z,,Early Adoption
2393,West Franklinton Plan,2014-12-08T00:00:00.000Z,Industrial,Industrial,Yes,http://www.columbus.gov/planning/documentlibrary/,2018-08-24T10:53:10.000Z,,Early Adoption
2394,West Franklinton Plan,2014-12-08T00:00:00.000Z,Neighborhood Mixed Use,Mixed Use,Yes,http://www.columbus.gov/planning/documentlibrary/,2018-08-24T10:53:10.000Z,,Early Adoption
2395,West Franklinton Plan,2014-12-08T00:00:00.000Z,Medium Density Mixed Residential,Residential,Yes,http://www.columbus.gov/planning/documentlibrary/,2018-08-24T10:53:10.000Z,,Early Adoption
2396,West Franklinton Plan,2014-12-08T00:00:00.000Z,Park,Parks/Open Space,Yes,http://www.columbus.gov/planning/documentlibrary/,2018-08-24T10:53:10.000Z,,Early Adoption
2397,West Franklinton Plan,2014-12-08T00:00:00.000Z,Medium-High Density Mixed Residential,Residential,Yes,http://www.columbus.gov/planning/documentlibrary/,2018-08-24T10:53:10.000Z,,Early Adoption
3035,Westland Area Plan,1994-02-14T00:00:00.000Z,High Density Residential 6 Units Per Acre +,Residential,No,http://www.columbus.gov/planning/documentlibrary/,2018-08-24T10:46:02.000Z,,Early Adoption
3036,Westland Area Plan,1994-02-14T00:00:00.000Z,Industrial/Manufacturing,Industrial,No,http://www.columbus.gov/planning/documentlibrary/,2018-08-24T10:46:02.000Z,,Early Adoption
3037,Westland Area Plan,1994-02-14T00:00:00.000Z,Agricultural/Very Low Density Residential,Residential,No,http://www.columbus.gov/planning/documentlibrary/,2018-08-24T10:46:02.000Z,,Early Adoption
1446,Northland I Area Plan,2014-02-03T00:00:00.000Z,Mixed Use (Regional),Mixed Use,Yes,http://www.columbus.gov/planning/documentlibrary/,2014-02-13T00:00:00.000Z,,
2398,West Franklinton Plan,2014-12-08T00:00:00.000Z,Institutional,Institutional,Yes,http://www.columbus.gov/planning/documentlibrary/,2018-08-24T10:53:10.000Z,,Early Adoption
3038,Westland Area Plan,1994-02-14T00:00:00.000Z,Residential 3-5 Units Per Acre,Residential,No,http://www.columbus.gov/planning/documentlibrary/,2018-08-24T10:46:02.000Z,,Early Adoption
4048,South Linden Land Use Plan (C2P2),2018-07-16T00:00:00.000Z,Mixed Use 3 (>45 du/ac),Mixed Use,Yes,http://www.columbus.gov/planning/documentlibrary/,2018-10-04T16:36:33.000Z,"1,2",Complete Adoption
4049,South East Land Use Plan (C2P2),2018-07-16T00:00:00.000Z,Very Low Density Residential (<4 du/ac),Residential,Yes,http://www.columbus.gov/planning/documentlibrary/,2018-10-04T16:36:41.000Z,1,Complete Adoption
4050,South Linden Land Use Plan (C2P2),2018-07-16T00:00:00.000Z,Mixed Use 2 (24-45 du/ac),Mixed Use,Yes,http://www.columbus.gov/planning/documentlibrary/,2018-10-04T16:36:19.000Z,"2,3",Complete Adoption
4051,South Linden Land Use Plan (C2P2),2018-07-16T00:00:00.000Z,Parking,Other,Yes,http://www.columbus.gov/planning/documentlibrary/,2018-09-28T13:21:33.000Z,,Complete Adoption
4052,South Linden Land Use Plan (C2P2),2018-07-16T00:00:00.000Z,Parks and Recreation,Parks/Open Space,Yes,http://www.columbus.gov/planning/documentlibrary/,2018-09-28T13:21:33.000Z,,Complete Adoption
4053,South East Land Use Plan (C2P2),2018-07-16T00:00:00.000Z,Utilities and Railroads,Other,Yes,http://www.columbus.gov/planning/documentlibrary/,2018-09-28T13:22:21.000Z,,Complete Adoption
4054,South Linden Land Use Plan (C2P2),2018-07-16T00:00:00.000Z,Medium–High Density Residential (16-24 du/ac),Residential,Yes,http://www.columbus.gov/planning/documentlibrary/,2018-10-04T16:35:47.000Z,3,Complete Adoption
4318,C2P2 Early Adoption,2018-07-16T00:00:00.000Z,No adopted land use plan in place,Please refer to plan document,Yes,http://www.columbus.gov/planning/documentlibrary/,2018-09-28T09:52:45.000Z,,Early Adoption
4319,C2P2 Early Adoption,2018-07-16T00:00:00.000Z,No adopted land use plan in place,Please refer to plan document,Yes,http://www.columbus.gov/planning/documentlibrary/,2018-09-28T09:52:45.000Z,,Early Adoption
4055,South East Land Use Plan (C2P2),2018-07-16T00:00:00.000Z,Medium–High Density Residential (16-24 du/ac),Residential,Yes,http://www.columbus.gov/planning/documentlibrary/,2018-10-04T16:35:43.000Z,,Complete Adoption
4057,Far East Land Use Plan (C2P2),2018-07-16T00:00:00.000Z,Very Low Density Residential (<4 du/ac),Residential,Yes,http://www.columbus.gov/planning/documentlibrary/,2018-09-28T13:20:50.000Z,,Complete Adoption
4058,Far East Land Use Plan (C2P2),2018-07-16T00:00:00.000Z,Institutional,Institutional,Yes,http://www.columbus.gov/planning/documentlibrary/,2018-09-28T13:20:50.000Z,,Complete Adoption
4059,South Linden Land Use Plan (C2P2),2018-07-16T00:00:00.000Z,Private Open Space,Parks/Open Space,Yes,http://www.columbus.gov/planning/documentlibrary/,2018-09-28T13:21:33.000Z,,Complete Adoption
583,Interim Hayden Run Corridor Plan,2004-06-14T00:00:00.000Z,Environmentally Sensitive Development Area,Other,Yes,http://www.columbus.gov/planning/documentlibrary/,2018-08-24T10:50:58.000Z,,Early Adoption
4012,South Linden Land Use Plan (C2P2),2018-07-16T00:00:00.000Z,Mixed Use 1 (<24 du/ac),Mixed Use,Yes,http://www.columbus.gov/planning/documentlibrary/,2018-10-04T16:36:13.000Z,"2,3",Complete Adoption
3991,Far East Land Use Plan (C2P2),2018-07-16T00:00:00.000Z,Mixed Use 1 (<24 du/ac),Mixed Use,Yes,http://www.columbus.gov/planning/documentlibrary/,2018-09-28T13:20:50.000Z,"1, 2",Complete Adoption
1751,South Side Plan,2014-06-09T00:00:00.000Z,Industrial,Industrial,Yes,http://www.columbus.gov/planning/documentlibrary/,2018-08-24T10:54:10.000Z,,Early Adoption
4056,South Linden Land Use Plan (C2P2),2018-07-16T00:00:00.000Z,Medium Density Residential (10-16 du/ac),Residential,Yes,http://www.columbus.gov/planning/documentlibrary/,2018-10-04T16:35:57.000Z,,Complete Adoption
4324,C2P2 Early Adoption,2018-07-16T00:00:00.000Z,No adopted land use plan in place,Please refer to plan document,Yes,http://www.columbus.gov/planning/documentlibrary/,2018-10-11T09:39:12.000Z,,Early Adoption
4320,C2P2 Early Adoption,2018-07-16T00:00:00.000Z,No adopted land use plan in place,Please refer to plan document,Yes,http://www.columbus.gov/planning/documentlibrary/,2018-09-28T09:52:45.000Z,,Early Adoption
4321,C2P2 Early Adoption,2018-07-16T00:00:00.000Z,No adopted land use plan in place,Please refer to plan document,Yes,http://www.columbus.gov/planning/documentlibrary/,2018-09-28T09:52:45.000Z,,Early Adoption
4322,C2P2 Early Adoption,2018-07-16T00:00:00.000Z,No adopted land use plan in place,Please refer to plan document,Yes,http://www.columbus.gov/planning/documentlibrary/,2018-09-28T09:52:45.000Z,,Early Adoption
4021,South Linden Land Use Plan (C2P2),2018-07-16T00:00:00.000Z,Mixed Use 2 (24-45 du/ac),Mixed Use,Yes,http://www.columbus.gov/planning/documentlibrary/,2018-10-04T16:36:21.000Z,"1,2",Complete Adoption
3996,South East Land Use Plan (C2P2),2018-07-16T00:00:00.000Z,Mixed Use 1 (<24 du/ac),Mixed Use,Yes,http://www.columbus.gov/planning/documentlibrary/,2018-10-04T16:36:09.000Z,2,Complete Adoption
4323,McKinley Avenue Corridor Plan,2002-09-04T00:00:00.000Z,No adopted land use plan in place,Please refer to plan document,Yes,http://www.columbus.gov/planning/documentlibrary/,2018-10-05T09:39:18.000Z,,Early Adoption
4041,South East Land Use Plan (C2P2),2018-07-16T00:00:00.000Z,Medium Density Residential (10-16 du/ac),Residential,Yes,http://www.columbus.gov/planning/documentlibrary/,2018-10-04T16:35:54.000Z,1,Complete Adoption
4042,Far East Land Use Plan (C2P2),2018-07-16T00:00:00.000Z,Utilities and Railroads,Other,Yes,http://www.columbus.gov/planning/documentlibrary/,2018-09-28T13:20:50.000Z,,Complete Adoption
4043,South East Land Use Plan (C2P2),2018-07-16T00:00:00.000Z,Office,Office,Yes,http://www.columbus.gov/planning/documentlibrary/,2018-09-28T13:22:21.000Z,,Complete Adoption
4044,South East Land Use Plan (C2P2),2018-07-16T00:00:00.000Z,Low–Medium Density Residential (6-10 du/ac),Residential,Yes,http://www.columbus.gov/planning/documentlibrary/,2018-10-04T16:35:30.000Z,,Complete Adoption
4045,South East Land Use Plan (C2P2),2018-07-16T00:00:00.000Z,Open Space,Parks/Open Space,Yes,http://www.columbus.gov/planning/documentlibrary/,2018-09-28T13:22:21.000Z,,Complete Adoption
4046,Far East Land Use Plan (C2P2),2018-07-16T00:00:00.000Z,Mixed Use 3 (>45 du/ac),Mixed Use,Yes,http://www.columbus.gov/planning/documentlibrary/,2018-09-28T13:20:50.000Z,1,Complete Adoption
4047,South Linden Land Use Plan (C2P2),2018-07-16T00:00:00.000Z,Agriculture,Agriculture,Yes,http://www.columbus.gov/planning/documentlibrary/,2018-09-28T13:21:33.000Z,,Complete Adoption
